image_id,relative_path,class_id,label,class_name,species,breed_id,official_split
Abyssinian_10,datasets/oxford_pets/images/Abyssinian_10.jpg,1,0,Abyssinian,1,1,trainval
Abyssinian_105,datasets/oxford_pets/images/Abyssinian_105.jpg,1,0,Abyssinian,1,1,trainval
Abyssinian_111,datasets/oxford_pets/images/Abyssinian_111.jpg,1,0,Abyssinian,1,1,trainval
Abyssinian_114,datasets/oxford_pets/images/Abyssinian_114.jpg,1,0,Abyssinian,1,1,trainval
Abyssinian_120,datasets/oxford_pets/images/Abyssinian_120.jpg,1,0,Abyssinian,1,1,trainval
Abyssinian_125,datasets/oxford_pets/images/Abyssinian_125.jpg,1,0,Abyssinian,1,1,trainval
Abyssinian_131,datasets/oxford_pets/images/Abyssinian_131.jpg,1,0,Abyssinian,1,1,trainval
Abyssinian_133,datasets/oxford_pets/images/Abyssinian_133.jpg,1,0,Abyssinian,1,1,trainval
Abyssinian_135,datasets/oxford_pets/images/Abyssinian_135.jpg,1,0,Abyssinian,1,1,trainval
Abyssinian_137,datasets/oxford_pets/images/Abyssinian_137.jpg,1,0,Abyssinian,1,1,trainval
Abyssinian_139,datasets/oxford_pets/images/Abyssinian_139.jpg,1,0,Abyssinian,1,1,trainval
Abyssinian_153,datasets/oxford_pets/images/Abyssinian_153.jpg,1,0,Abyssinian,1,1,trainval
Abyssinian_177,datasets/oxford_pets/images/Abyssinian_177.jpg,1,0,Abyssinian,1,1,trainval
Abyssinian_178,datasets/oxford_pets/images/Abyssinian_178.jpg,1,0,Abyssinian,1,1,trainval
Abyssinian_180,datasets/oxford_pets/images/Abyssinian_180.jpg,1,0,Abyssinian,1,1,trainval
Bengal_10,datasets/oxford_pets/images/Bengal_10.jpg,6,5,Bengal,1,2,trainval
Bengal_104,datasets/oxford_pets/images/Bengal_104.jpg,6,5,Bengal,1,2,trainval
Bengal_112,datasets/oxford_pets/images/Bengal_112.jpg,6,5,Bengal,1,2,trainval
Bengal_114,datasets/oxford_pets/images/Bengal_114.jpg,6,5,Bengal,1,2,trainval
Bengal_120,datasets/oxford_pets/images/Bengal_120.jpg,6,5,Bengal,1,2,trainval
Bengal_125,datasets/oxford_pets/images/Bengal_125.jpg,6,5,Bengal,1,2,trainval
Bengal_134,datasets/oxford_pets/images/Bengal_134.jpg,6,5,Bengal,1,2,trainval
Bengal_136,datasets/oxford_pets/images/Bengal_136.jpg,6,5,Bengal,1,2,trainval
Bengal_137,datasets/oxford_pets/images/Bengal_137.jpg,6,5,Bengal,1,2,trainval
Bengal_139,datasets/oxford_pets/images/Bengal_139.jpg,6,5,Bengal,1,2,trainval
Bengal_140,datasets/oxford_pets/images/Bengal_140.jpg,6,5,Bengal,1,2,trainval
Bengal_155,datasets/oxford_pets/images/Bengal_155.jpg,6,5,Bengal,1,2,trainval
Bengal_176,datasets/oxford_pets/images/Bengal_176.jpg,6,5,Bengal,1,2,trainval
Bengal_177,datasets/oxford_pets/images/Bengal_177.jpg,6,5,Bengal,1,2,trainval
Bengal_18,datasets/oxford_pets/images/Bengal_18.jpg,6,5,Bengal,1,2,trainval
Birman_10,datasets/oxford_pets/images/Birman_10.jpg,7,6,Birman,1,3,trainval
Birman_104,datasets/oxford_pets/images/Birman_104.jpg,7,6,Birman,1,3,trainval
Birman_11,datasets/oxford_pets/images/Birman_11.jpg,7,6,Birman,1,3,trainval
Birman_112,datasets/oxford_pets/images/Birman_112.jpg,7,6,Birman,1,3,trainval
Birman_12,datasets/oxford_pets/images/Birman_12.jpg,7,6,Birman,1,3,trainval
Birman_123,datasets/oxford_pets/images/Birman_123.jpg,7,6,Birman,1,3,trainval
Birman_13,datasets/oxford_pets/images/Birman_13.jpg,7,6,Birman,1,3,trainval
Birman_131,datasets/oxford_pets/images/Birman_131.jpg,7,6,Birman,1,3,trainval
Birman_133,datasets/oxford_pets/images/Birman_133.jpg,7,6,Birman,1,3,trainval
Birman_136,datasets/oxford_pets/images/Birman_136.jpg,7,6,Birman,1,3,trainval
Birman_138,datasets/oxford_pets/images/Birman_138.jpg,7,6,Birman,1,3,trainval
Birman_153,datasets/oxford_pets/images/Birman_153.jpg,7,6,Birman,1,3,trainval
Birman_175,datasets/oxford_pets/images/Birman_175.jpg,7,6,Birman,1,3,trainval
Birman_176,datasets/oxford_pets/images/Birman_176.jpg,7,6,Birman,1,3,trainval
Birman_179,datasets/oxford_pets/images/Birman_179.jpg,7,6,Birman,1,3,trainval
Bombay_1,datasets/oxford_pets/images/Bombay_1.jpg,8,7,Bombay,1,4,trainval
Bombay_106,datasets/oxford_pets/images/Bombay_106.jpg,8,7,Bombay,1,4,trainval
Bombay_112,datasets/oxford_pets/images/Bombay_112.jpg,8,7,Bombay,1,4,trainval
Bombay_114,datasets/oxford_pets/images/Bombay_114.jpg,8,7,Bombay,1,4,trainval
Bombay_121,datasets/oxford_pets/images/Bombay_121.jpg,8,7,Bombay,1,4,trainval
Bombay_134,datasets/oxford_pets/images/Bombay_134.jpg,8,7,Bombay,1,4,trainval
Bombay_140,datasets/oxford_pets/images/Bombay_140.jpg,8,7,Bombay,1,4,trainval
Bombay_153,datasets/oxford_pets/images/Bombay_153.jpg,8,7,Bombay,1,4,trainval
Bombay_156,datasets/oxford_pets/images/Bombay_156.jpg,8,7,Bombay,1,4,trainval
Bombay_16,datasets/oxford_pets/images/Bombay_16.jpg,8,7,Bombay,1,4,trainval
Bombay_164,datasets/oxford_pets/images/Bombay_164.jpg,8,7,Bombay,1,4,trainval
Bombay_170,datasets/oxford_pets/images/Bombay_170.jpg,8,7,Bombay,1,4,trainval
Bombay_179,datasets/oxford_pets/images/Bombay_179.jpg,8,7,Bombay,1,4,trainval
Bombay_180,datasets/oxford_pets/images/Bombay_180.jpg,8,7,Bombay,1,4,trainval
Bombay_191,datasets/oxford_pets/images/Bombay_191.jpg,8,7,Bombay,1,4,trainval
British_Shorthair_10,datasets/oxford_pets/images/British_Shorthair_10.jpg,10,9,British_Shorthair,1,5,trainval
British_Shorthair_104,datasets/oxford_pets/images/British_Shorthair_104.jpg,10,9,British_Shorthair,1,5,trainval
British_Shorthair_111,datasets/oxford_pets/images/British_Shorthair_111.jpg,10,9,British_Shorthair,1,5,trainval
British_Shorthair_113,datasets/oxford_pets/images/British_Shorthair_113.jpg,10,9,British_Shorthair,1,5,trainval
British_Shorthair_121,datasets/oxford_pets/images/British_Shorthair_121.jpg,10,9,British_Shorthair,1,5,trainval
British_Shorthair_127,datasets/oxford_pets/images/British_Shorthair_127.jpg,10,9,British_Shorthair,1,5,trainval
British_Shorthair_136,datasets/oxford_pets/images/British_Shorthair_136.jpg,10,9,British_Shorthair,1,5,trainval
British_Shorthair_139,datasets/oxford_pets/images/British_Shorthair_139.jpg,10,9,British_Shorthair,1,5,trainval
British_Shorthair_140,datasets/oxford_pets/images/British_Shorthair_140.jpg,10,9,British_Shorthair,1,5,trainval
British_Shorthair_144,datasets/oxford_pets/images/British_Shorthair_144.jpg,10,9,British_Shorthair,1,5,trainval
British_Shorthair_148,datasets/oxford_pets/images/British_Shorthair_148.jpg,10,9,British_Shorthair,1,5,trainval
British_Shorthair_169,datasets/oxford_pets/images/British_Shorthair_169.jpg,10,9,British_Shorthair,1,5,trainval
British_Shorthair_188,datasets/oxford_pets/images/British_Shorthair_188.jpg,10,9,British_Shorthair,1,5,trainval
British_Shorthair_190,datasets/oxford_pets/images/British_Shorthair_190.jpg,10,9,British_Shorthair,1,5,trainval
British_Shorthair_196,datasets/oxford_pets/images/British_Shorthair_196.jpg,10,9,British_Shorthair,1,5,trainval
Egyptian_Mau_101,datasets/oxford_pets/images/Egyptian_Mau_101.jpg,12,11,Egyptian_Mau,1,6,trainval
Egyptian_Mau_106,datasets/oxford_pets/images/Egyptian_Mau_106.jpg,12,11,Egyptian_Mau,1,6,trainval
Egyptian_Mau_107,datasets/oxford_pets/images/Egyptian_Mau_107.jpg,12,11,Egyptian_Mau,1,6,trainval
Egyptian_Mau_111,datasets/oxford_pets/images/Egyptian_Mau_111.jpg,12,11,Egyptian_Mau,1,6,trainval
Egyptian_Mau_112,datasets/oxford_pets/images/Egyptian_Mau_112.jpg,12,11,Egyptian_Mau,1,6,trainval
Egyptian_Mau_114,datasets/oxford_pets/images/Egyptian_Mau_114.jpg,12,11,Egyptian_Mau,1,6,trainval
Egyptian_Mau_121,datasets/oxford_pets/images/Egyptian_Mau_121.jpg,12,11,Egyptian_Mau,1,6,trainval
Egyptian_Mau_138,datasets/oxford_pets/images/Egyptian_Mau_138.jpg,12,11,Egyptian_Mau,1,6,trainval
Egyptian_Mau_142,datasets/oxford_pets/images/Egyptian_Mau_142.jpg,12,11,Egyptian_Mau,1,6,trainval
Egyptian_Mau_147,datasets/oxford_pets/images/Egyptian_Mau_147.jpg,12,11,Egyptian_Mau,1,6,trainval
Egyptian_Mau_161,datasets/oxford_pets/images/Egyptian_Mau_161.jpg,12,11,Egyptian_Mau,1,6,trainval
Egyptian_Mau_176,datasets/oxford_pets/images/Egyptian_Mau_176.jpg,12,11,Egyptian_Mau,1,6,trainval
Egyptian_Mau_186,datasets/oxford_pets/images/Egyptian_Mau_186.jpg,12,11,Egyptian_Mau,1,6,trainval
Egyptian_Mau_188,datasets/oxford_pets/images/Egyptian_Mau_188.jpg,12,11,Egyptian_Mau,1,6,trainval
Egyptian_Mau_197,datasets/oxford_pets/images/Egyptian_Mau_197.jpg,12,11,Egyptian_Mau,1,6,trainval
Maine_Coon_1,datasets/oxford_pets/images/Maine_Coon_1.jpg,21,20,Maine_Coon,1,7,trainval
Maine_Coon_103,datasets/oxford_pets/images/Maine_Coon_103.jpg,21,20,Maine_Coon,1,7,trainval
Maine_Coon_110,datasets/oxford_pets/images/Maine_Coon_110.jpg,21,20,Maine_Coon,1,7,trainval
Maine_Coon_112,datasets/oxford_pets/images/Maine_Coon_112.jpg,21,20,Maine_Coon,1,7,trainval
Maine_Coon_123,datasets/oxford_pets/images/Maine_Coon_123.jpg,21,20,Maine_Coon,1,7,trainval
Maine_Coon_129,datasets/oxford_pets/images/Maine_Coon_129.jpg,21,20,Maine_Coon,1,7,trainval
Maine_Coon_136,datasets/oxford_pets/images/Maine_Coon_136.jpg,21,20,Maine_Coon,1,7,trainval
Maine_Coon_138,datasets/oxford_pets/images/Maine_Coon_138.jpg,21,20,Maine_Coon,1,7,trainval
Maine_Coon_139,datasets/oxford_pets/images/Maine_Coon_139.jpg,21,20,Maine_Coon,1,7,trainval
Maine_Coon_140,datasets/oxford_pets/images/Maine_Coon_140.jpg,21,20,Maine_Coon,1,7,trainval
Maine_Coon_144,datasets/oxford_pets/images/Maine_Coon_144.jpg,21,20,Maine_Coon,1,7,trainval
Maine_Coon_167,datasets/oxford_pets/images/Maine_Coon_167.jpg,21,20,Maine_Coon,1,7,trainval
Maine_Coon_191,datasets/oxford_pets/images/Maine_Coon_191.jpg,21,20,Maine_Coon,1,7,trainval
Maine_Coon_193,datasets/oxford_pets/images/Maine_Coon_193.jpg,21,20,Maine_Coon,1,7,trainval
Maine_Coon_197,datasets/oxford_pets/images/Maine_Coon_197.jpg,21,20,Maine_Coon,1,7,trainval
Persian_1,datasets/oxford_pets/images/Persian_1.jpg,24,23,Persian,1,8,trainval
Persian_103,datasets/oxford_pets/images/Persian_103.jpg,24,23,Persian,1,8,trainval
Persian_114,datasets/oxford_pets/images/Persian_114.jpg,24,23,Persian,1,8,trainval
Persian_116,datasets/oxford_pets/images/Persian_116.jpg,24,23,Persian,1,8,trainval
Persian_129,datasets/oxford_pets/images/Persian_129.jpg,24,23,Persian,1,8,trainval
Persian_134,datasets/oxford_pets/images/Persian_134.jpg,24,23,Persian,1,8,trainval
Persian_14,datasets/oxford_pets/images/Persian_14.jpg,24,23,Persian,1,8,trainval
Persian_141,datasets/oxford_pets/images/Persian_141.jpg,24,23,Persian,1,8,trainval
Persian_143,datasets/oxford_pets/images/Persian_143.jpg,24,23,Persian,1,8,trainval
Persian_145,datasets/oxford_pets/images/Persian_145.jpg,24,23,Persian,1,8,trainval
Persian_149,datasets/oxford_pets/images/Persian_149.jpg,24,23,Persian,1,8,trainval
Persian_165,datasets/oxford_pets/images/Persian_165.jpg,24,23,Persian,1,8,trainval
Persian_186,datasets/oxford_pets/images/Persian_186.jpg,24,23,Persian,1,8,trainval
Persian_187,datasets/oxford_pets/images/Persian_187.jpg,24,23,Persian,1,8,trainval
Persian_189,datasets/oxford_pets/images/Persian_189.jpg,24,23,Persian,1,8,trainval
Ragdoll_10,datasets/oxford_pets/images/Ragdoll_10.jpg,27,26,Ragdoll,1,9,trainval
Ragdoll_104,datasets/oxford_pets/images/Ragdoll_104.jpg,27,26,Ragdoll,1,9,trainval
Ragdoll_114,datasets/oxford_pets/images/Ragdoll_114.jpg,27,26,Ragdoll,1,9,trainval
Ragdoll_117,datasets/oxford_pets/images/Ragdoll_117.jpg,27,26,Ragdoll,1,9,trainval
Ragdoll_127,datasets/oxford_pets/images/Ragdoll_127.jpg,27,26,Ragdoll,1,9,trainval
Ragdoll_131,datasets/oxford_pets/images/Ragdoll_131.jpg,27,26,Ragdoll,1,9,trainval
Ragdoll_139,datasets/oxford_pets/images/Ragdoll_139.jpg,27,26,Ragdoll,1,9,trainval
Ragdoll_142,datasets/oxford_pets/images/Ragdoll_142.jpg,27,26,Ragdoll,1,9,trainval
Ragdoll_143,datasets/oxford_pets/images/Ragdoll_143.jpg,27,26,Ragdoll,1,9,trainval
Ragdoll_147,datasets/oxford_pets/images/Ragdoll_147.jpg,27,26,Ragdoll,1,9,trainval
Ragdoll_149,datasets/oxford_pets/images/Ragdoll_149.jpg,27,26,Ragdoll,1,9,trainval
Ragdoll_166,datasets/oxford_pets/images/Ragdoll_166.jpg,27,26,Ragdoll,1,9,trainval
Ragdoll_186,datasets/oxford_pets/images/Ragdoll_186.jpg,27,26,Ragdoll,1,9,trainval
Ragdoll_188,datasets/oxford_pets/images/Ragdoll_188.jpg,27,26,Ragdoll,1,9,trainval
Ragdoll_190,datasets/oxford_pets/images/Ragdoll_190.jpg,27,26,Ragdoll,1,9,trainval
Russian_Blue_1,datasets/oxford_pets/images/Russian_Blue_1.jpg,28,27,Russian_Blue,1,10,trainval
Russian_Blue_104,datasets/oxford_pets/images/Russian_Blue_104.jpg,28,27,Russian_Blue,1,10,trainval
Russian_Blue_111,datasets/oxford_pets/images/Russian_Blue_111.jpg,28,27,Russian_Blue,1,10,trainval
Russian_Blue_113,datasets/oxford_pets/images/Russian_Blue_113.jpg,28,27,Russian_Blue,1,10,trainval
Russian_Blue_122,datasets/oxford_pets/images/Russian_Blue_122.jpg,28,27,Russian_Blue,1,10,trainval
Russian_Blue_129,datasets/oxford_pets/images/Russian_Blue_129.jpg,28,27,Russian_Blue,1,10,trainval
Russian_Blue_136,datasets/oxford_pets/images/Russian_Blue_136.jpg,28,27,Russian_Blue,1,10,trainval
Russian_Blue_14,datasets/oxford_pets/images/Russian_Blue_14.jpg,28,27,Russian_Blue,1,10,trainval
Russian_Blue_140,datasets/oxford_pets/images/Russian_Blue_140.jpg,28,27,Russian_Blue,1,10,trainval
Russian_Blue_143,datasets/oxford_pets/images/Russian_Blue_143.jpg,28,27,Russian_Blue,1,10,trainval
Russian_Blue_145,datasets/oxford_pets/images/Russian_Blue_145.jpg,28,27,Russian_Blue,1,10,trainval
Russian_Blue_161,datasets/oxford_pets/images/Russian_Blue_161.jpg,28,27,Russian_Blue,1,10,trainval
Russian_Blue_182,datasets/oxford_pets/images/Russian_Blue_182.jpg,28,27,Russian_Blue,1,10,trainval
Russian_Blue_183,datasets/oxford_pets/images/Russian_Blue_183.jpg,28,27,Russian_Blue,1,10,trainval
Russian_Blue_187,datasets/oxford_pets/images/Russian_Blue_187.jpg,28,27,Russian_Blue,1,10,trainval
Siamese_101,datasets/oxford_pets/images/Siamese_101.jpg,33,32,Siamese,1,11,trainval
Siamese_109,datasets/oxford_pets/images/Siamese_109.jpg,33,32,Siamese,1,11,trainval
Siamese_115,datasets/oxford_pets/images/Siamese_115.jpg,33,32,Siamese,1,11,trainval
Siamese_117,datasets/oxford_pets/images/Siamese_117.jpg,33,32,Siamese,1,11,trainval
Siamese_128,datasets/oxford_pets/images/Siamese_128.jpg,33,32,Siamese,1,11,trainval
Siamese_136,datasets/oxford_pets/images/Siamese_136.jpg,33,32,Siamese,1,11,trainval
Siamese_142,datasets/oxford_pets/images/Siamese_142.jpg,33,32,Siamese,1,11,trainval
Siamese_144,datasets/oxford_pets/images/Siamese_144.jpg,33,32,Siamese,1,11,trainval
Siamese_146,datasets/oxford_pets/images/Siamese_146.jpg,33,32,Siamese,1,11,trainval
Siamese_148,datasets/oxford_pets/images/Siamese_148.jpg,33,32,Siamese,1,11,trainval
Siamese_150,datasets/oxford_pets/images/Siamese_150.jpg,33,32,Siamese,1,11,trainval
Siamese_168,datasets/oxford_pets/images/Siamese_168.jpg,33,32,Siamese,1,11,trainval
Siamese_19,datasets/oxford_pets/images/Siamese_19.jpg,33,32,Siamese,1,11,trainval
Siamese_191,datasets/oxford_pets/images/Siamese_191.jpg,33,32,Siamese,1,11,trainval
Siamese_195,datasets/oxford_pets/images/Siamese_195.jpg,33,32,Siamese,1,11,trainval
Sphynx_1,datasets/oxford_pets/images/Sphynx_1.jpg,34,33,Sphynx,1,12,trainval
Sphynx_107,datasets/oxford_pets/images/Sphynx_107.jpg,34,33,Sphynx,1,12,trainval
Sphynx_116,datasets/oxford_pets/images/Sphynx_116.jpg,34,33,Sphynx,1,12,trainval
Sphynx_12,datasets/oxford_pets/images/Sphynx_12.jpg,34,33,Sphynx,1,12,trainval
Sphynx_127,datasets/oxford_pets/images/Sphynx_127.jpg,34,33,Sphynx,1,12,trainval
Sphynx_131,datasets/oxford_pets/images/Sphynx_131.jpg,34,33,Sphynx,1,12,trainval
Sphynx_139,datasets/oxford_pets/images/Sphynx_139.jpg,34,33,Sphynx,1,12,trainval
Sphynx_142,datasets/oxford_pets/images/Sphynx_142.jpg,34,33,Sphynx,1,12,trainval
Sphynx_143,datasets/oxford_pets/images/Sphynx_143.jpg,34,33,Sphynx,1,12,trainval
Sphynx_145,datasets/oxford_pets/images/Sphynx_145.jpg,34,33,Sphynx,1,12,trainval
Sphynx_151,datasets/oxford_pets/images/Sphynx_151.jpg,34,33,Sphynx,1,12,trainval
Sphynx_168,datasets/oxford_pets/images/Sphynx_168.jpg,34,33,Sphynx,1,12,trainval
Sphynx_191,datasets/oxford_pets/images/Sphynx_191.jpg,34,33,Sphynx,1,12,trainval
Sphynx_193,datasets/oxford_pets/images/Sphynx_193.jpg,34,33,Sphynx,1,12,trainval
Sphynx_195,datasets/oxford_pets/images/Sphynx_195.jpg,34,33,Sphynx,1,12,trainval
american_bulldog_10,datasets/oxford_pets/images/american_bulldog_10.jpg,2,1,american_bulldog,2,1,trainval
american_bulldog_103,datasets/oxford_pets/images/american_bulldog_103.jpg,2,1,american_bulldog,2,1,trainval
american_bulldog_112,datasets/oxford_pets/images/american_bulldog_112.jpg,2,1,american_bulldog,2,1,trainval
american_bulldog_114,datasets/oxford_pets/images/american_bulldog_114.jpg,2,1,american_bulldog,2,1,trainval
american_bulldog_121,datasets/oxford_pets/images/american_bulldog_121.jpg,2,1,american_bulldog,2,1,trainval
american_bulldog_126,datasets/oxford_pets/images/american_bulldog_126.jpg,2,1,american_bulldog,2,1,trainval
american_bulldog_135,datasets/oxford_pets/images/american_bulldog_135.jpg,2,1,american_bulldog,2,1,trainval
american_bulldog_138,datasets/oxford_pets/images/american_bulldog_138.jpg,2,1,american_bulldog,2,1,trainval
american_bulldog_139,datasets/oxford_pets/images/american_bulldog_139.jpg,2,1,american_bulldog,2,1,trainval
american_bulldog_140,datasets/oxford_pets/images/american_bulldog_140.jpg,2,1,american_bulldog,2,1,trainval
american_bulldog_142,datasets/oxford_pets/images/american_bulldog_142.jpg,2,1,american_bulldog,2,1,trainval
american_bulldog_166,datasets/oxford_pets/images/american_bulldog_166.jpg,2,1,american_bulldog,2,1,trainval
american_bulldog_187,datasets/oxford_pets/images/american_bulldog_187.jpg,2,1,american_bulldog,2,1,trainval
american_bulldog_188,datasets/oxford_pets/images/american_bulldog_188.jpg,2,1,american_bulldog,2,1,trainval
american_bulldog_190,datasets/oxford_pets/images/american_bulldog_190.jpg,2,1,american_bulldog,2,1,trainval
american_pit_bull_terrier_10,datasets/oxford_pets/images/american_pit_bull_terrier_10.jpg,3,2,american_pit_bull_terrier,2,2,trainval
american_pit_bull_terrier_105,datasets/oxford_pets/images/american_pit_bull_terrier_105.jpg,3,2,american_pit_bull_terrier,2,2,trainval
american_pit_bull_terrier_110,datasets/oxford_pets/images/american_pit_bull_terrier_110.jpg,3,2,american_pit_bull_terrier,2,2,trainval
american_pit_bull_terrier_112,datasets/oxford_pets/images/american_pit_bull_terrier_112.jpg,3,2,american_pit_bull_terrier,2,2,trainval
american_pit_bull_terrier_12,datasets/oxford_pets/images/american_pit_bull_terrier_12.jpg,3,2,american_pit_bull_terrier,2,2,trainval
american_pit_bull_terrier_124,datasets/oxford_pets/images/american_pit_bull_terrier_124.jpg,3,2,american_pit_bull_terrier,2,2,trainval
american_pit_bull_terrier_131,datasets/oxford_pets/images/american_pit_bull_terrier_131.jpg,3,2,american_pit_bull_terrier,2,2,trainval
american_pit_bull_terrier_133,datasets/oxford_pets/images/american_pit_bull_terrier_133.jpg,3,2,american_pit_bull_terrier,2,2,trainval
american_pit_bull_terrier_135,datasets/oxford_pets/images/american_pit_bull_terrier_135.jpg,3,2,american_pit_bull_terrier,2,2,trainval
american_pit_bull_terrier_137,datasets/oxford_pets/images/american_pit_bull_terrier_137.jpg,3,2,american_pit_bull_terrier,2,2,trainval
american_pit_bull_terrier_139,datasets/oxford_pets/images/american_pit_bull_terrier_139.jpg,3,2,american_pit_bull_terrier,2,2,trainval
american_pit_bull_terrier_154,datasets/oxford_pets/images/american_pit_bull_terrier_154.jpg,3,2,american_pit_bull_terrier,2,2,trainval
american_pit_bull_terrier_174,datasets/oxford_pets/images/american_pit_bull_terrier_174.jpg,3,2,american_pit_bull_terrier,2,2,trainval
american_pit_bull_terrier_175,datasets/oxford_pets/images/american_pit_bull_terrier_175.jpg,3,2,american_pit_bull_terrier,2,2,trainval
american_pit_bull_terrier_177,datasets/oxford_pets/images/american_pit_bull_terrier_177.jpg,3,2,american_pit_bull_terrier,2,2,trainval
basset_hound_10,datasets/oxford_pets/images/basset_hound_10.jpg,4,3,basset_hound,2,3,trainval
basset_hound_104,datasets/oxford_pets/images/basset_hound_104.jpg,4,3,basset_hound,2,3,trainval
basset_hound_111,datasets/oxford_pets/images/basset_hound_111.jpg,4,3,basset_hound,2,3,trainval
basset_hound_113,datasets/oxford_pets/images/basset_hound_113.jpg,4,3,basset_hound,2,3,trainval
basset_hound_120,datasets/oxford_pets/images/basset_hound_120.jpg,4,3,basset_hound,2,3,trainval
basset_hound_126,datasets/oxford_pets/images/basset_hound_126.jpg,4,3,basset_hound,2,3,trainval
basset_hound_132,datasets/oxford_pets/images/basset_hound_132.jpg,4,3,basset_hound,2,3,trainval
basset_hound_135,datasets/oxford_pets/images/basset_hound_135.jpg,4,3,basset_hound,2,3,trainval
basset_hound_136,datasets/oxford_pets/images/basset_hound_136.jpg,4,3,basset_hound,2,3,trainval
basset_hound_138,datasets/oxford_pets/images/basset_hound_138.jpg,4,3,basset_hound,2,3,trainval
basset_hound_14,datasets/oxford_pets/images/basset_hound_14.jpg,4,3,basset_hound,2,3,trainval
basset_hound_157,datasets/oxford_pets/images/basset_hound_157.jpg,4,3,basset_hound,2,3,trainval
basset_hound_176,datasets/oxford_pets/images/basset_hound_176.jpg,4,3,basset_hound,2,3,trainval
basset_hound_177,datasets/oxford_pets/images/basset_hound_177.jpg,4,3,basset_hound,2,3,trainval
basset_hound_18,datasets/oxford_pets/images/basset_hound_18.jpg,4,3,basset_hound,2,3,trainval
beagle_10,datasets/oxford_pets/images/beagle_10.jpg,5,4,beagle,2,4,trainval
beagle_103,datasets/oxford_pets/images/beagle_103.jpg,5,4,beagle,2,4,trainval
beagle_114,datasets/oxford_pets/images/beagle_114.jpg,5,4,beagle,2,4,trainval
beagle_119,datasets/oxford_pets/images/beagle_119.jpg,5,4,beagle,2,4,trainval
beagle_124,datasets/oxford_pets/images/beagle_124.jpg,5,4,beagle,2,4,trainval
beagle_128,datasets/oxford_pets/images/beagle_128.jpg,5,4,beagle,2,4,trainval
beagle_135,datasets/oxford_pets/images/beagle_135.jpg,5,4,beagle,2,4,trainval
beagle_137,datasets/oxford_pets/images/beagle_137.jpg,5,4,beagle,2,4,trainval
beagle_138,datasets/oxford_pets/images/beagle_138.jpg,5,4,beagle,2,4,trainval
beagle_141,datasets/oxford_pets/images/beagle_141.jpg,5,4,beagle,2,4,trainval
beagle_143,datasets/oxford_pets/images/beagle_143.jpg,5,4,beagle,2,4,trainval
beagle_162,datasets/oxford_pets/images/beagle_162.jpg,5,4,beagle,2,4,trainval
beagle_18,datasets/oxford_pets/images/beagle_18.jpg,5,4,beagle,2,4,trainval
beagle_180,datasets/oxford_pets/images/beagle_180.jpg,5,4,beagle,2,4,trainval
beagle_183,datasets/oxford_pets/images/beagle_183.jpg,5,4,beagle,2,4,trainval
boxer_10,datasets/oxford_pets/images/boxer_10.jpg,9,8,boxer,2,5,trainval
boxer_104,datasets/oxford_pets/images/boxer_104.jpg,9,8,boxer,2,5,trainval
boxer_110,datasets/oxford_pets/images/boxer_110.jpg,9,8,boxer,2,5,trainval
boxer_112,datasets/oxford_pets/images/boxer_112.jpg,9,8,boxer,2,5,trainval
boxer_119,datasets/oxford_pets/images/boxer_119.jpg,9,8,boxer,2,5,trainval
boxer_125,datasets/oxford_pets/images/boxer_125.jpg,9,8,boxer,2,5,trainval
boxer_131,datasets/oxford_pets/images/boxer_131.jpg,9,8,boxer,2,5,trainval
boxer_133,datasets/oxford_pets/images/boxer_133.jpg,9,8,boxer,2,5,trainval
boxer_134,datasets/oxford_pets/images/boxer_134.jpg,9,8,boxer,2,5,trainval
boxer_136,datasets/oxford_pets/images/boxer_136.jpg,9,8,boxer,2,5,trainval
boxer_138,datasets/oxford_pets/images/boxer_138.jpg,9,8,boxer,2,5,trainval
boxer_156,datasets/oxford_pets/images/boxer_156.jpg,9,8,boxer,2,5,trainval
boxer_175,datasets/oxford_pets/images/boxer_175.jpg,9,8,boxer,2,5,trainval
boxer_176,datasets/oxford_pets/images/boxer_176.jpg,9,8,boxer,2,5,trainval
boxer_178,datasets/oxford_pets/images/boxer_178.jpg,9,8,boxer,2,5,trainval
chihuahua_10,datasets/oxford_pets/images/chihuahua_10.jpg,11,10,chihuahua,2,6,trainval
chihuahua_105,datasets/oxford_pets/images/chihuahua_105.jpg,11,10,chihuahua,2,6,trainval
chihuahua_110,datasets/oxford_pets/images/chihuahua_110.jpg,11,10,chihuahua,2,6,trainval
chihuahua_113,datasets/oxford_pets/images/chihuahua_113.jpg,11,10,chihuahua,2,6,trainval
chihuahua_12,datasets/oxford_pets/images/chihuahua_12.jpg,11,10,chihuahua,2,6,trainval
chihuahua_124,datasets/oxford_pets/images/chihuahua_124.jpg,11,10,chihuahua,2,6,trainval
chihuahua_132,datasets/oxford_pets/images/chihuahua_132.jpg,11,10,chihuahua,2,6,trainval
chihuahua_137,datasets/oxford_pets/images/chihuahua_137.jpg,11,10,chihuahua,2,6,trainval
chihuahua_139,datasets/oxford_pets/images/chihuahua_139.jpg,11,10,chihuahua,2,6,trainval
chihuahua_140,datasets/oxford_pets/images/chihuahua_140.jpg,11,10,chihuahua,2,6,trainval
chihuahua_142,datasets/oxford_pets/images/chihuahua_142.jpg,11,10,chihuahua,2,6,trainval
chihuahua_158,datasets/oxford_pets/images/chihuahua_158.jpg,11,10,chihuahua,2,6,trainval
chihuahua_178,datasets/oxford_pets/images/chihuahua_178.jpg,11,10,chihuahua,2,6,trainval
chihuahua_179,datasets/oxford_pets/images/chihuahua_179.jpg,11,10,chihuahua,2,6,trainval
chihuahua_180,datasets/oxford_pets/images/chihuahua_180.jpg,11,10,chihuahua,2,6,trainval
english_cocker_spaniel_10,datasets/oxford_pets/images/english_cocker_spaniel_10.jpg,13,12,english_cocker_spaniel,2,7,trainval
english_cocker_spaniel_108,datasets/oxford_pets/images/english_cocker_spaniel_108.jpg,13,12,english_cocker_spaniel,2,7,trainval
english_cocker_spaniel_114,datasets/oxford_pets/images/english_cocker_spaniel_114.jpg,13,12,english_cocker_spaniel,2,7,trainval
english_cocker_spaniel_116,datasets/oxford_pets/images/english_cocker_spaniel_116.jpg,13,12,english_cocker_spaniel,2,7,trainval
english_cocker_spaniel_121,datasets/oxford_pets/images/english_cocker_spaniel_121.jpg,13,12,english_cocker_spaniel,2,7,trainval
english_cocker_spaniel_133,datasets/oxford_pets/images/english_cocker_spaniel_133.jpg,13,12,english_cocker_spaniel,2,7,trainval
english_cocker_spaniel_140,datasets/oxford_pets/images/english_cocker_spaniel_140.jpg,13,12,english_cocker_spaniel,2,7,trainval
english_cocker_spaniel_151,datasets/oxford_pets/images/english_cocker_spaniel_151.jpg,13,12,english_cocker_spaniel,2,7,trainval
english_cocker_spaniel_153,datasets/oxford_pets/images/english_cocker_spaniel_153.jpg,13,12,english_cocker_spaniel,2,7,trainval
english_cocker_spaniel_156,datasets/oxford_pets/images/english_cocker_spaniel_156.jpg,13,12,english_cocker_spaniel,2,7,trainval
english_cocker_spaniel_161,datasets/oxford_pets/images/english_cocker_spaniel_161.jpg,13,12,english_cocker_spaniel,2,7,trainval
english_cocker_spaniel_169,datasets/oxford_pets/images/english_cocker_spaniel_169.jpg,13,12,english_cocker_spaniel,2,7,trainval
english_cocker_spaniel_176,datasets/oxford_pets/images/english_cocker_spaniel_176.jpg,13,12,english_cocker_spaniel,2,7,trainval
english_cocker_spaniel_18,datasets/oxford_pets/images/english_cocker_spaniel_18.jpg,13,12,english_cocker_spaniel,2,7,trainval
english_cocker_spaniel_188,datasets/oxford_pets/images/english_cocker_spaniel_188.jpg,13,12,english_cocker_spaniel,2,7,trainval
english_setter_10,datasets/oxford_pets/images/english_setter_10.jpg,14,13,english_setter,2,8,trainval
english_setter_103,datasets/oxford_pets/images/english_setter_103.jpg,14,13,english_setter,2,8,trainval
english_setter_11,datasets/oxford_pets/images/english_setter_11.jpg,14,13,english_setter,2,8,trainval
english_setter_111,datasets/oxford_pets/images/english_setter_111.jpg,14,13,english_setter,2,8,trainval
english_setter_119,datasets/oxford_pets/images/english_setter_119.jpg,14,13,english_setter,2,8,trainval
english_setter_123,datasets/oxford_pets/images/english_setter_123.jpg,14,13,english_setter,2,8,trainval
english_setter_131,datasets/oxford_pets/images/english_setter_131.jpg,14,13,english_setter,2,8,trainval
english_setter_135,datasets/oxford_pets/images/english_setter_135.jpg,14,13,english_setter,2,8,trainval
english_setter_136,datasets/oxford_pets/images/english_setter_136.jpg,14,13,english_setter,2,8,trainval
english_setter_14,datasets/oxford_pets/images/english_setter_14.jpg,14,13,english_setter,2,8,trainval
english_setter_141,datasets/oxford_pets/images/english_setter_141.jpg,14,13,english_setter,2,8,trainval
english_setter_155,datasets/oxford_pets/images/english_setter_155.jpg,14,13,english_setter,2,8,trainval
english_setter_174,datasets/oxford_pets/images/english_setter_174.jpg,14,13,english_setter,2,8,trainval
english_setter_175,datasets/oxford_pets/images/english_setter_175.jpg,14,13,english_setter,2,8,trainval
english_setter_178,datasets/oxford_pets/images/english_setter_178.jpg,14,13,english_setter,2,8,trainval
german_shorthaired_10,datasets/oxford_pets/images/german_shorthaired_10.jpg,15,14,german_shorthaired,2,9,trainval
german_shorthaired_103,datasets/oxford_pets/images/german_shorthaired_103.jpg,15,14,german_shorthaired,2,9,trainval
german_shorthaired_11,datasets/oxford_pets/images/german_shorthaired_11.jpg,15,14,german_shorthaired,2,9,trainval
german_shorthaired_112,datasets/oxford_pets/images/german_shorthaired_112.jpg,15,14,german_shorthaired,2,9,trainval
german_shorthaired_120,datasets/oxford_pets/images/german_shorthaired_120.jpg,15,14,german_shorthaired,2,9,trainval
german_shorthaired_126,datasets/oxford_pets/images/german_shorthaired_126.jpg,15,14,german_shorthaired,2,9,trainval
german_shorthaired_132,datasets/oxford_pets/images/german_shorthaired_132.jpg,15,14,german_shorthaired,2,9,trainval
german_shorthaired_134,datasets/oxford_pets/images/german_shorthaired_134.jpg,15,14,german_shorthaired,2,9,trainval
german_shorthaired_135,datasets/oxford_pets/images/german_shorthaired_135.jpg,15,14,german_shorthaired,2,9,trainval
german_shorthaired_137,datasets/oxford_pets/images/german_shorthaired_137.jpg,15,14,german_shorthaired,2,9,trainval
german_shorthaired_139,datasets/oxford_pets/images/german_shorthaired_139.jpg,15,14,german_shorthaired,2,9,trainval
german_shorthaired_152,datasets/oxford_pets/images/german_shorthaired_152.jpg,15,14,german_shorthaired,2,9,trainval
german_shorthaired_175,datasets/oxford_pets/images/german_shorthaired_175.jpg,15,14,german_shorthaired,2,9,trainval
german_shorthaired_176,datasets/oxford_pets/images/german_shorthaired_176.jpg,15,14,german_shorthaired,2,9,trainval
german_shorthaired_178,datasets/oxford_pets/images/german_shorthaired_178.jpg,15,14,german_shorthaired,2,9,trainval
great_pyrenees_100,datasets/oxford_pets/images/great_pyrenees_100.jpg,16,15,great_pyrenees,2,10,trainval
great_pyrenees_104,datasets/oxford_pets/images/great_pyrenees_104.jpg,16,15,great_pyrenees,2,10,trainval
great_pyrenees_11,datasets/oxford_pets/images/great_pyrenees_11.jpg,16,15,great_pyrenees,2,10,trainval
great_pyrenees_112,datasets/oxford_pets/images/great_pyrenees_112.jpg,16,15,great_pyrenees,2,10,trainval
great_pyrenees_119,datasets/oxford_pets/images/great_pyrenees_119.jpg,16,15,great_pyrenees,2,10,trainval
great_pyrenees_123,datasets/oxford_pets/images/great_pyrenees_123.jpg,16,15,great_pyrenees,2,10,trainval
great_pyrenees_129,datasets/oxford_pets/images/great_pyrenees_129.jpg,16,15,great_pyrenees,2,10,trainval
great_pyrenees_130,datasets/oxford_pets/images/great_pyrenees_130.jpg,16,15,great_pyrenees,2,10,trainval
great_pyrenees_131,datasets/oxford_pets/images/great_pyrenees_131.jpg,16,15,great_pyrenees,2,10,trainval
great_pyrenees_134,datasets/oxford_pets/images/great_pyrenees_134.jpg,16,15,great_pyrenees,2,10,trainval
great_pyrenees_137,datasets/oxford_pets/images/great_pyrenees_137.jpg,16,15,great_pyrenees,2,10,trainval
great_pyrenees_154,datasets/oxford_pets/images/great_pyrenees_154.jpg,16,15,great_pyrenees,2,10,trainval
great_pyrenees_179,datasets/oxford_pets/images/great_pyrenees_179.jpg,16,15,great_pyrenees,2,10,trainval
great_pyrenees_18,datasets/oxford_pets/images/great_pyrenees_18.jpg,16,15,great_pyrenees,2,10,trainval
great_pyrenees_181,datasets/oxford_pets/images/great_pyrenees_181.jpg,16,15,great_pyrenees,2,10,trainval
havanese_10,datasets/oxford_pets/images/havanese_10.jpg,17,16,havanese,2,11,trainval
havanese_103,datasets/oxford_pets/images/havanese_103.jpg,17,16,havanese,2,11,trainval
havanese_11,datasets/oxford_pets/images/havanese_11.jpg,17,16,havanese,2,11,trainval
havanese_112,datasets/oxford_pets/images/havanese_112.jpg,17,16,havanese,2,11,trainval
havanese_119,datasets/oxford_pets/images/havanese_119.jpg,17,16,havanese,2,11,trainval
havanese_123,datasets/oxford_pets/images/havanese_123.jpg,17,16,havanese,2,11,trainval
havanese_129,datasets/oxford_pets/images/havanese_129.jpg,17,16,havanese,2,11,trainval
havanese_130,datasets/oxford_pets/images/havanese_130.jpg,17,16,havanese,2,11,trainval
havanese_131,datasets/oxford_pets/images/havanese_131.jpg,17,16,havanese,2,11,trainval
havanese_133,datasets/oxford_pets/images/havanese_133.jpg,17,16,havanese,2,11,trainval
havanese_135,datasets/oxford_pets/images/havanese_135.jpg,17,16,havanese,2,11,trainval
havanese_154,datasets/oxford_pets/images/havanese_154.jpg,17,16,havanese,2,11,trainval
havanese_174,datasets/oxford_pets/images/havanese_174.jpg,17,16,havanese,2,11,trainval
havanese_175,datasets/oxford_pets/images/havanese_175.jpg,17,16,havanese,2,11,trainval
havanese_177,datasets/oxford_pets/images/havanese_177.jpg,17,16,havanese,2,11,trainval
japanese_chin_10,datasets/oxford_pets/images/japanese_chin_10.jpg,18,17,japanese_chin,2,12,trainval
japanese_chin_105,datasets/oxford_pets/images/japanese_chin_105.jpg,18,17,japanese_chin,2,12,trainval
japanese_chin_112,datasets/oxford_pets/images/japanese_chin_112.jpg,18,17,japanese_chin,2,12,trainval
japanese_chin_115,datasets/oxford_pets/images/japanese_chin_115.jpg,18,17,japanese_chin,2,12,trainval
japanese_chin_120,datasets/oxford_pets/images/japanese_chin_120.jpg,18,17,japanese_chin,2,12,trainval
japanese_chin_125,datasets/oxford_pets/images/japanese_chin_125.jpg,18,17,japanese_chin,2,12,trainval
japanese_chin_132,datasets/oxford_pets/images/japanese_chin_132.jpg,18,17,japanese_chin,2,12,trainval
japanese_chin_134,datasets/oxford_pets/images/japanese_chin_134.jpg,18,17,japanese_chin,2,12,trainval
japanese_chin_136,datasets/oxford_pets/images/japanese_chin_136.jpg,18,17,japanese_chin,2,12,trainval
japanese_chin_138,datasets/oxford_pets/images/japanese_chin_138.jpg,18,17,japanese_chin,2,12,trainval
japanese_chin_14,datasets/oxford_pets/images/japanese_chin_14.jpg,18,17,japanese_chin,2,12,trainval
japanese_chin_154,datasets/oxford_pets/images/japanese_chin_154.jpg,18,17,japanese_chin,2,12,trainval
japanese_chin_172,datasets/oxford_pets/images/japanese_chin_172.jpg,18,17,japanese_chin,2,12,trainval
japanese_chin_174,datasets/oxford_pets/images/japanese_chin_174.jpg,18,17,japanese_chin,2,12,trainval
japanese_chin_177,datasets/oxford_pets/images/japanese_chin_177.jpg,18,17,japanese_chin,2,12,trainval
keeshond_10,datasets/oxford_pets/images/keeshond_10.jpg,19,18,keeshond,2,13,trainval
keeshond_104,datasets/oxford_pets/images/keeshond_104.jpg,19,18,keeshond,2,13,trainval
keeshond_11,datasets/oxford_pets/images/keeshond_11.jpg,19,18,keeshond,2,13,trainval
keeshond_111,datasets/oxford_pets/images/keeshond_111.jpg,19,18,keeshond,2,13,trainval
keeshond_117,datasets/oxford_pets/images/keeshond_117.jpg,19,18,keeshond,2,13,trainval
keeshond_122,datasets/oxford_pets/images/keeshond_122.jpg,19,18,keeshond,2,13,trainval
keeshond_130,datasets/oxford_pets/images/keeshond_130.jpg,19,18,keeshond,2,13,trainval
keeshond_132,datasets/oxford_pets/images/keeshond_132.jpg,19,18,keeshond,2,13,trainval
keeshond_133,datasets/oxford_pets/images/keeshond_133.jpg,19,18,keeshond,2,13,trainval
keeshond_135,datasets/oxford_pets/images/keeshond_135.jpg,19,18,keeshond,2,13,trainval
keeshond_138,datasets/oxford_pets/images/keeshond_138.jpg,19,18,keeshond,2,13,trainval
keeshond_152,datasets/oxford_pets/images/keeshond_152.jpg,19,18,keeshond,2,13,trainval
keeshond_173,datasets/oxford_pets/images/keeshond_173.jpg,19,18,keeshond,2,13,trainval
keeshond_174,datasets/oxford_pets/images/keeshond_174.jpg,19,18,keeshond,2,13,trainval
keeshond_176,datasets/oxford_pets/images/keeshond_176.jpg,19,18,keeshond,2,13,trainval
leonberger_10,datasets/oxford_pets/images/leonberger_10.jpg,20,19,leonberger,2,14,trainval
leonberger_104,datasets/oxford_pets/images/leonberger_104.jpg,20,19,leonberger,2,14,trainval
leonberger_112,datasets/oxford_pets/images/leonberger_112.jpg,20,19,leonberger,2,14,trainval
leonberger_115,datasets/oxford_pets/images/leonberger_115.jpg,20,19,leonberger,2,14,trainval
leonberger_122,datasets/oxford_pets/images/leonberger_122.jpg,20,19,leonberger,2,14,trainval
leonberger_127,datasets/oxford_pets/images/leonberger_127.jpg,20,19,leonberger,2,14,trainval
leonberger_134,datasets/oxford_pets/images/leonberger_134.jpg,20,19,leonberger,2,14,trainval
leonberger_139,datasets/oxford_pets/images/leonberger_139.jpg,20,19,leonberger,2,14,trainval
leonberger_14,datasets/oxford_pets/images/leonberger_14.jpg,20,19,leonberger,2,14,trainval
leonberger_141,datasets/oxford_pets/images/leonberger_141.jpg,20,19,leonberger,2,14,trainval
leonberger_143,datasets/oxford_pets/images/leonberger_143.jpg,20,19,leonberger,2,14,trainval
leonberger_159,datasets/oxford_pets/images/leonberger_159.jpg,20,19,leonberger,2,14,trainval
leonberger_176,datasets/oxford_pets/images/leonberger_176.jpg,20,19,leonberger,2,14,trainval
leonberger_177,datasets/oxford_pets/images/leonberger_177.jpg,20,19,leonberger,2,14,trainval
leonberger_179,datasets/oxford_pets/images/leonberger_179.jpg,20,19,leonberger,2,14,trainval
miniature_pinscher_10,datasets/oxford_pets/images/miniature_pinscher_10.jpg,22,21,miniature_pinscher,2,15,trainval
miniature_pinscher_103,datasets/oxford_pets/images/miniature_pinscher_103.jpg,22,21,miniature_pinscher,2,15,trainval
miniature_pinscher_11,datasets/oxford_pets/images/miniature_pinscher_11.jpg,22,21,miniature_pinscher,2,15,trainval
miniature_pinscher_112,datasets/oxford_pets/images/miniature_pinscher_112.jpg,22,21,miniature_pinscher,2,15,trainval
miniature_pinscher_119,datasets/oxford_pets/images/miniature_pinscher_119.jpg,22,21,miniature_pinscher,2,15,trainval
miniature_pinscher_124,datasets/oxford_pets/images/miniature_pinscher_124.jpg,22,21,miniature_pinscher,2,15,trainval
miniature_pinscher_131,datasets/oxford_pets/images/miniature_pinscher_131.jpg,22,21,miniature_pinscher,2,15,trainval
miniature_pinscher_134,datasets/oxford_pets/images/miniature_pinscher_134.jpg,22,21,miniature_pinscher,2,15,trainval
miniature_pinscher_135,datasets/oxford_pets/images/miniature_pinscher_135.jpg,22,21,miniature_pinscher,2,15,trainval
miniature_pinscher_137,datasets/oxford_pets/images/miniature_pinscher_137.jpg,22,21,miniature_pinscher,2,15,trainval
miniature_pinscher_14,datasets/oxford_pets/images/miniature_pinscher_14.jpg,22,21,miniature_pinscher,2,15,trainval
miniature_pinscher_154,datasets/oxford_pets/images/miniature_pinscher_154.jpg,22,21,miniature_pinscher,2,15,trainval
miniature_pinscher_174,datasets/oxford_pets/images/miniature_pinscher_174.jpg,22,21,miniature_pinscher,2,15,trainval
miniature_pinscher_175,datasets/oxford_pets/images/miniature_pinscher_175.jpg,22,21,miniature_pinscher,2,15,trainval
miniature_pinscher_178,datasets/oxford_pets/images/miniature_pinscher_178.jpg,22,21,miniature_pinscher,2,15,trainval
newfoundland_100,datasets/oxford_pets/images/newfoundland_100.jpg,23,22,newfoundland,2,16,trainval
newfoundland_104,datasets/oxford_pets/images/newfoundland_104.jpg,23,22,newfoundland,2,16,trainval
newfoundland_110,datasets/oxford_pets/images/newfoundland_110.jpg,23,22,newfoundland,2,16,trainval
newfoundland_112,datasets/oxford_pets/images/newfoundland_112.jpg,23,22,newfoundland,2,16,trainval
newfoundland_122,datasets/oxford_pets/images/newfoundland_122.jpg,23,22,newfoundland,2,16,trainval
newfoundland_135,datasets/oxford_pets/images/newfoundland_135.jpg,23,22,newfoundland,2,16,trainval
newfoundland_145,datasets/oxford_pets/images/newfoundland_145.jpg,23,22,newfoundland,2,16,trainval
newfoundland_158,datasets/oxford_pets/images/newfoundland_158.jpg,23,22,newfoundland,2,16,trainval
newfoundland_16,datasets/oxford_pets/images/newfoundland_16.jpg,23,22,newfoundland,2,16,trainval
newfoundland_162,datasets/oxford_pets/images/newfoundland_162.jpg,23,22,newfoundland,2,16,trainval
newfoundland_165,datasets/oxford_pets/images/newfoundland_165.jpg,23,22,newfoundland,2,16,trainval
newfoundland_172,datasets/oxford_pets/images/newfoundland_172.jpg,23,22,newfoundland,2,16,trainval
newfoundland_180,datasets/oxford_pets/images/newfoundland_180.jpg,23,22,newfoundland,2,16,trainval
newfoundland_182,datasets/oxford_pets/images/newfoundland_182.jpg,23,22,newfoundland,2,16,trainval
newfoundland_188,datasets/oxford_pets/images/newfoundland_188.jpg,23,22,newfoundland,2,16,trainval
pomeranian_10,datasets/oxford_pets/images/pomeranian_10.jpg,25,24,pomeranian,2,17,trainval
pomeranian_104,datasets/oxford_pets/images/pomeranian_104.jpg,25,24,pomeranian,2,17,trainval
pomeranian_112,datasets/oxford_pets/images/pomeranian_112.jpg,25,24,pomeranian,2,17,trainval
pomeranian_114,datasets/oxford_pets/images/pomeranian_114.jpg,25,24,pomeranian,2,17,trainval
pomeranian_121,datasets/oxford_pets/images/pomeranian_121.jpg,25,24,pomeranian,2,17,trainval
pomeranian_126,datasets/oxford_pets/images/pomeranian_126.jpg,25,24,pomeranian,2,17,trainval
pomeranian_133,datasets/oxford_pets/images/pomeranian_133.jpg,25,24,pomeranian,2,17,trainval
pomeranian_135,datasets/oxford_pets/images/pomeranian_135.jpg,25,24,pomeranian,2,17,trainval
pomeranian_136,datasets/oxford_pets/images/pomeranian_136.jpg,25,24,pomeranian,2,17,trainval
pomeranian_138,datasets/oxford_pets/images/pomeranian_138.jpg,25,24,pomeranian,2,17,trainval
pomeranian_141,datasets/oxford_pets/images/pomeranian_141.jpg,25,24,pomeranian,2,17,trainval
pomeranian_155,datasets/oxford_pets/images/pomeranian_155.jpg,25,24,pomeranian,2,17,trainval
pomeranian_175,datasets/oxford_pets/images/pomeranian_175.jpg,25,24,pomeranian,2,17,trainval
pomeranian_176,datasets/oxford_pets/images/pomeranian_176.jpg,25,24,pomeranian,2,17,trainval
pomeranian_178,datasets/oxford_pets/images/pomeranian_178.jpg,25,24,pomeranian,2,17,trainval
pug_10,datasets/oxford_pets/images/pug_10.jpg,26,25,pug,2,18,trainval
pug_105,datasets/oxford_pets/images/pug_105.jpg,26,25,pug,2,18,trainval
pug_115,datasets/oxford_pets/images/pug_115.jpg,26,25,pug,2,18,trainval
pug_118,datasets/oxford_pets/images/pug_118.jpg,26,25,pug,2,18,trainval
pug_123,datasets/oxford_pets/images/pug_123.jpg,26,25,pug,2,18,trainval
pug_128,datasets/oxford_pets/images/pug_128.jpg,26,25,pug,2,18,trainval
pug_133,datasets/oxford_pets/images/pug_133.jpg,26,25,pug,2,18,trainval
pug_136,datasets/oxford_pets/images/pug_136.jpg,26,25,pug,2,18,trainval
pug_137,datasets/oxford_pets/images/pug_137.jpg,26,25,pug,2,18,trainval
pug_140,datasets/oxford_pets/images/pug_140.jpg,26,25,pug,2,18,trainval
pug_142,datasets/oxford_pets/images/pug_142.jpg,26,25,pug,2,18,trainval
pug_160,datasets/oxford_pets/images/pug_160.jpg,26,25,pug,2,18,trainval
pug_177,datasets/oxford_pets/images/pug_177.jpg,26,25,pug,2,18,trainval
pug_178,datasets/oxford_pets/images/pug_178.jpg,26,25,pug,2,18,trainval
pug_180,datasets/oxford_pets/images/pug_180.jpg,26,25,pug,2,18,trainval
saint_bernard_10,datasets/oxford_pets/images/saint_bernard_10.jpg,29,28,saint_bernard,2,19,trainval
saint_bernard_106,datasets/oxford_pets/images/saint_bernard_106.jpg,29,28,saint_bernard,2,19,trainval
saint_bernard_111,datasets/oxford_pets/images/saint_bernard_111.jpg,29,28,saint_bernard,2,19,trainval
saint_bernard_113,datasets/oxford_pets/images/saint_bernard_113.jpg,29,28,saint_bernard,2,19,trainval
saint_bernard_12,datasets/oxford_pets/images/saint_bernard_12.jpg,29,28,saint_bernard,2,19,trainval
saint_bernard_124,datasets/oxford_pets/images/saint_bernard_124.jpg,29,28,saint_bernard,2,19,trainval
saint_bernard_13,datasets/oxford_pets/images/saint_bernard_13.jpg,29,28,saint_bernard,2,19,trainval
saint_bernard_132,datasets/oxford_pets/images/saint_bernard_132.jpg,29,28,saint_bernard,2,19,trainval
saint_bernard_134,datasets/oxford_pets/images/saint_bernard_134.jpg,29,28,saint_bernard,2,19,trainval
saint_bernard_138,datasets/oxford_pets/images/saint_bernard_138.jpg,29,28,saint_bernard,2,19,trainval
saint_bernard_14,datasets/oxford_pets/images/saint_bernard_14.jpg,29,28,saint_bernard,2,19,trainval
saint_bernard_156,datasets/oxford_pets/images/saint_bernard_156.jpg,29,28,saint_bernard,2,19,trainval
saint_bernard_175,datasets/oxford_pets/images/saint_bernard_175.jpg,29,28,saint_bernard,2,19,trainval
saint_bernard_177,datasets/oxford_pets/images/saint_bernard_177.jpg,29,28,saint_bernard,2,19,trainval
saint_bernard_179,datasets/oxford_pets/images/saint_bernard_179.jpg,29,28,saint_bernard,2,19,trainval
samoyed_10,datasets/oxford_pets/images/samoyed_10.jpg,30,29,samoyed,2,20,trainval
samoyed_105,datasets/oxford_pets/images/samoyed_105.jpg,30,29,samoyed,2,20,trainval
samoyed_111,datasets/oxford_pets/images/samoyed_111.jpg,30,29,samoyed,2,20,trainval
samoyed_113,datasets/oxford_pets/images/samoyed_113.jpg,30,29,samoyed,2,20,trainval
samoyed_120,datasets/oxford_pets/images/samoyed_120.jpg,30,29,samoyed,2,20,trainval
samoyed_124,datasets/oxford_pets/images/samoyed_124.jpg,30,29,samoyed,2,20,trainval
samoyed_13,datasets/oxford_pets/images/samoyed_13.jpg,30,29,samoyed,2,20,trainval
samoyed_131,datasets/oxford_pets/images/samoyed_131.jpg,30,29,samoyed,2,20,trainval
samoyed_132,datasets/oxford_pets/images/samoyed_132.jpg,30,29,samoyed,2,20,trainval
samoyed_137,datasets/oxford_pets/images/samoyed_137.jpg,30,29,samoyed,2,20,trainval
samoyed_139,datasets/oxford_pets/images/samoyed_139.jpg,30,29,samoyed,2,20,trainval
samoyed_155,datasets/oxford_pets/images/samoyed_155.jpg,30,29,samoyed,2,20,trainval
samoyed_175,datasets/oxford_pets/images/samoyed_175.jpg,30,29,samoyed,2,20,trainval
samoyed_176,datasets/oxford_pets/images/samoyed_176.jpg,30,29,samoyed,2,20,trainval
samoyed_179,datasets/oxford_pets/images/samoyed_179.jpg,30,29,samoyed,2,20,trainval
scottish_terrier_101,datasets/oxford_pets/images/scottish_terrier_101.jpg,31,30,scottish_terrier,2,21,trainval
scottish_terrier_107,datasets/oxford_pets/images/scottish_terrier_107.jpg,31,30,scottish_terrier,2,21,trainval
scottish_terrier_116,datasets/oxford_pets/images/scottish_terrier_116.jpg,31,30,scottish_terrier,2,21,trainval
scottish_terrier_12,datasets/oxford_pets/images/scottish_terrier_12.jpg,31,30,scottish_terrier,2,21,trainval
scottish_terrier_13,datasets/oxford_pets/images/scottish_terrier_13.jpg,31,30,scottish_terrier,2,21,trainval
scottish_terrier_134,datasets/oxford_pets/images/scottish_terrier_134.jpg,31,30,scottish_terrier,2,21,trainval
scottish_terrier_14,datasets/oxford_pets/images/scottish_terrier_14.jpg,31,30,scottish_terrier,2,21,trainval
scottish_terrier_142,datasets/oxford_pets/images/scottish_terrier_142.jpg,31,30,scottish_terrier,2,21,trainval
scottish_terrier_143,datasets/oxford_pets/images/scottish_terrier_143.jpg,31,30,scottish_terrier,2,21,trainval
scottish_terrier_145,datasets/oxford_pets/images/scottish_terrier_145.jpg,31,30,scottish_terrier,2,21,trainval
scottish_terrier_147,datasets/oxford_pets/images/scottish_terrier_147.jpg,31,30,scottish_terrier,2,21,trainval
scottish_terrier_161,datasets/oxford_pets/images/scottish_terrier_161.jpg,31,30,scottish_terrier,2,21,trainval
scottish_terrier_179,datasets/oxford_pets/images/scottish_terrier_179.jpg,31,30,scottish_terrier,2,21,trainval
scottish_terrier_18,datasets/oxford_pets/images/scottish_terrier_18.jpg,31,30,scottish_terrier,2,21,trainval
scottish_terrier_181,datasets/oxford_pets/images/scottish_terrier_181.jpg,31,30,scottish_terrier,2,21,trainval
shiba_inu_10,datasets/oxford_pets/images/shiba_inu_10.jpg,32,31,shiba_inu,2,22,trainval
shiba_inu_103,datasets/oxford_pets/images/shiba_inu_103.jpg,32,31,shiba_inu,2,22,trainval
shiba_inu_11,datasets/oxford_pets/images/shiba_inu_11.jpg,32,31,shiba_inu,2,22,trainval
shiba_inu_111,datasets/oxford_pets/images/shiba_inu_111.jpg,32,31,shiba_inu,2,22,trainval
shiba_inu_119,datasets/oxford_pets/images/shiba_inu_119.jpg,32,31,shiba_inu,2,22,trainval
shiba_inu_124,datasets/oxford_pets/images/shiba_inu_124.jpg,32,31,shiba_inu,2,22,trainval
shiba_inu_130,datasets/oxford_pets/images/shiba_inu_130.jpg,32,31,shiba_inu,2,22,trainval
shiba_inu_133,datasets/oxford_pets/images/shiba_inu_133.jpg,32,31,shiba_inu,2,22,trainval
shiba_inu_135,datasets/oxford_pets/images/shiba_inu_135.jpg,32,31,shiba_inu,2,22,trainval
shiba_inu_139,datasets/oxford_pets/images/shiba_inu_139.jpg,32,31,shiba_inu,2,22,trainval
shiba_inu_140,datasets/oxford_pets/images/shiba_inu_140.jpg,32,31,shiba_inu,2,22,trainval
shiba_inu_159,datasets/oxford_pets/images/shiba_inu_159.jpg,32,31,shiba_inu,2,22,trainval
shiba_inu_18,datasets/oxford_pets/images/shiba_inu_18.jpg,32,31,shiba_inu,2,22,trainval
shiba_inu_181,datasets/oxford_pets/images/shiba_inu_181.jpg,32,31,shiba_inu,2,22,trainval
shiba_inu_185,datasets/oxford_pets/images/shiba_inu_185.jpg,32,31,shiba_inu,2,22,trainval
staffordshire_bull_terrier_10,datasets/oxford_pets/images/staffordshire_bull_terrier_10.jpg,35,34,staffordshire_bull_terrier,2,23,trainval
staffordshire_bull_terrier_104,datasets/oxford_pets/images/staffordshire_bull_terrier_104.jpg,35,34,staffordshire_bull_terrier,2,23,trainval
staffordshire_bull_terrier_110,datasets/oxford_pets/images/staffordshire_bull_terrier_110.jpg,35,34,staffordshire_bull_terrier,2,23,trainval
staffordshire_bull_terrier_112,datasets/oxford_pets/images/staffordshire_bull_terrier_112.jpg,35,34,staffordshire_bull_terrier,2,23,trainval
staffordshire_bull_terrier_119,datasets/oxford_pets/images/staffordshire_bull_terrier_119.jpg,35,34,staffordshire_bull_terrier,2,23,trainval
staffordshire_bull_terrier_122,datasets/oxford_pets/images/staffordshire_bull_terrier_122.jpg,35,34,staffordshire_bull_terrier,2,23,trainval
staffordshire_bull_terrier_130,datasets/oxford_pets/images/staffordshire_bull_terrier_130.jpg,35,34,staffordshire_bull_terrier,2,23,trainval
staffordshire_bull_terrier_132,datasets/oxford_pets/images/staffordshire_bull_terrier_132.jpg,35,34,staffordshire_bull_terrier,2,23,trainval
staffordshire_bull_terrier_133,datasets/oxford_pets/images/staffordshire_bull_terrier_133.jpg,35,34,staffordshire_bull_terrier,2,23,trainval
staffordshire_bull_terrier_135,datasets/oxford_pets/images/staffordshire_bull_terrier_135.jpg,35,34,staffordshire_bull_terrier,2,23,trainval
staffordshire_bull_terrier_137,datasets/oxford_pets/images/staffordshire_bull_terrier_137.jpg,35,34,staffordshire_bull_terrier,2,23,trainval
staffordshire_bull_terrier_159,datasets/oxford_pets/images/staffordshire_bull_terrier_159.jpg,35,34,staffordshire_bull_terrier,2,23,trainval
staffordshire_bull_terrier_181,datasets/oxford_pets/images/staffordshire_bull_terrier_181.jpg,35,34,staffordshire_bull_terrier,2,23,trainval
staffordshire_bull_terrier_183,datasets/oxford_pets/images/staffordshire_bull_terrier_183.jpg,35,34,staffordshire_bull_terrier,2,23,trainval
staffordshire_bull_terrier_185,datasets/oxford_pets/images/staffordshire_bull_terrier_185.jpg,35,34,staffordshire_bull_terrier,2,23,trainval
wheaten_terrier_10,datasets/oxford_pets/images/wheaten_terrier_10.jpg,36,35,wheaten_terrier,2,24,trainval
wheaten_terrier_103,datasets/oxford_pets/images/wheaten_terrier_103.jpg,36,35,wheaten_terrier,2,24,trainval
wheaten_terrier_109,datasets/oxford_pets/images/wheaten_terrier_109.jpg,36,35,wheaten_terrier,2,24,trainval
wheaten_terrier_110,datasets/oxford_pets/images/wheaten_terrier_110.jpg,36,35,wheaten_terrier,2,24,trainval
wheaten_terrier_118,datasets/oxford_pets/images/wheaten_terrier_118.jpg,36,35,wheaten_terrier,2,24,trainval
wheaten_terrier_125,datasets/oxford_pets/images/wheaten_terrier_125.jpg,36,35,wheaten_terrier,2,24,trainval
wheaten_terrier_130,datasets/oxford_pets/images/wheaten_terrier_130.jpg,36,35,wheaten_terrier,2,24,trainval
wheaten_terrier_132,datasets/oxford_pets/images/wheaten_terrier_132.jpg,36,35,wheaten_terrier,2,24,trainval
wheaten_terrier_133,datasets/oxford_pets/images/wheaten_terrier_133.jpg,36,35,wheaten_terrier,2,24,trainval
wheaten_terrier_135,datasets/oxford_pets/images/wheaten_terrier_135.jpg,36,35,wheaten_terrier,2,24,trainval
wheaten_terrier_137,datasets/oxford_pets/images/wheaten_terrier_137.jpg,36,35,wheaten_terrier,2,24,trainval
wheaten_terrier_154,datasets/oxford_pets/images/wheaten_terrier_154.jpg,36,35,wheaten_terrier,2,24,trainval
wheaten_terrier_177,datasets/oxford_pets/images/wheaten_terrier_177.jpg,36,35,wheaten_terrier,2,24,trainval
wheaten_terrier_178,datasets/oxford_pets/images/wheaten_terrier_178.jpg,36,35,wheaten_terrier,2,24,trainval
wheaten_terrier_18,datasets/oxford_pets/images/wheaten_terrier_18.jpg,36,35,wheaten_terrier,2,24,trainval
yorkshire_terrier_10,datasets/oxford_pets/images/yorkshire_terrier_10.jpg,37,36,yorkshire_terrier,2,25,trainval
yorkshire_terrier_103,datasets/oxford_pets/images/yorkshire_terrier_103.jpg,37,36,yorkshire_terrier,2,25,trainval
yorkshire_terrier_11,datasets/oxford_pets/images/yorkshire_terrier_11.jpg,37,36,yorkshire_terrier,2,25,trainval
yorkshire_terrier_112,datasets/oxford_pets/images/yorkshire_terrier_112.jpg,37,36,yorkshire_terrier,2,25,trainval
yorkshire_terrier_12,datasets/oxford_pets/images/yorkshire_terrier_12.jpg,37,36,yorkshire_terrier,2,25,trainval
yorkshire_terrier_123,datasets/oxford_pets/images/yorkshire_terrier_123.jpg,37,36,yorkshire_terrier,2,25,trainval
yorkshire_terrier_13,datasets/oxford_pets/images/yorkshire_terrier_13.jpg,37,36,yorkshire_terrier,2,25,trainval
yorkshire_terrier_132,datasets/oxford_pets/images/yorkshire_terrier_132.jpg,37,36,yorkshire_terrier,2,25,trainval
yorkshire_terrier_133,datasets/oxford_pets/images/yorkshire_terrier_133.jpg,37,36,yorkshire_terrier,2,25,trainval
yorkshire_terrier_137,datasets/oxford_pets/images/yorkshire_terrier_137.jpg,37,36,yorkshire_terrier,2,25,trainval
yorkshire_terrier_139,datasets/oxford_pets/images/yorkshire_terrier_139.jpg,37,36,yorkshire_terrier,2,25,trainval
yorkshire_terrier_156,datasets/oxford_pets/images/yorkshire_terrier_156.jpg,37,36,yorkshire_terrier,2,25,trainval
yorkshire_terrier_174,datasets/oxford_pets/images/yorkshire_terrier_174.jpg,37,36,yorkshire_terrier,2,25,trainval
yorkshire_terrier_176,datasets/oxford_pets/images/yorkshire_terrier_176.jpg,37,36,yorkshire_terrier,2,25,trainval
yorkshire_terrier_178,datasets/oxford_pets/images/yorkshire_terrier_178.jpg,37,36,yorkshire_terrier,2,25,trainval
