split,sample_key,label
train,datasets/eurosat/EuroSAT_RGB/AnnualCrop/AnnualCrop_1039.jpg,0
train,datasets/eurosat/EuroSAT_RGB/AnnualCrop/AnnualCrop_109.jpg,0
train,datasets/eurosat/EuroSAT_RGB/AnnualCrop/AnnualCrop_1093.jpg,0
train,datasets/eurosat/EuroSAT_RGB/AnnualCrop/AnnualCrop_1149.jpg,0
train,datasets/eurosat/EuroSAT_RGB/AnnualCrop/AnnualCrop_1256.jpg,0
train,datasets/eurosat/EuroSAT_RGB/AnnualCrop/AnnualCrop_1272.jpg,0
train,datasets/eurosat/EuroSAT_RGB/AnnualCrop/AnnualCrop_1305.jpg,0
train,datasets/eurosat/EuroSAT_RGB/AnnualCrop/AnnualCrop_1315.jpg,0
train,datasets/eurosat/EuroSAT_RGB/AnnualCrop/AnnualCrop_1360.jpg,0
train,datasets/eurosat/EuroSAT_RGB/AnnualCrop/AnnualCrop_1371.jpg,0
train,datasets/eurosat/EuroSAT_RGB/AnnualCrop/AnnualCrop_138.jpg,0
train,datasets/eurosat/EuroSAT_RGB/AnnualCrop/AnnualCrop_1432.jpg,0
train,datasets/eurosat/EuroSAT_RGB/AnnualCrop/AnnualCrop_1457.jpg,0
train,datasets/eurosat/EuroSAT_RGB/AnnualCrop/AnnualCrop_1533.jpg,0
train,datasets/eurosat/EuroSAT_RGB/AnnualCrop/AnnualCrop_1687.jpg,0
train,datasets/eurosat/EuroSAT_RGB/AnnualCrop/AnnualCrop_1693.jpg,0
train,datasets/eurosat/EuroSAT_RGB/AnnualCrop/AnnualCrop_1711.jpg,0
train,datasets/eurosat/EuroSAT_RGB/AnnualCrop/AnnualCrop_1720.jpg,0
train,datasets/eurosat/EuroSAT_RGB/AnnualCrop/AnnualCrop_1737.jpg,0
train,datasets/eurosat/EuroSAT_RGB/AnnualCrop/AnnualCrop_1797.jpg,0
train,datasets/eurosat/EuroSAT_RGB/AnnualCrop/AnnualCrop_1811.jpg,0
train,datasets/eurosat/EuroSAT_RGB/AnnualCrop/AnnualCrop_2041.jpg,0
train,datasets/eurosat/EuroSAT_RGB/AnnualCrop/AnnualCrop_2074.jpg,0
train,datasets/eurosat/EuroSAT_RGB/AnnualCrop/AnnualCrop_2111.jpg,0
train,datasets/eurosat/EuroSAT_RGB/AnnualCrop/AnnualCrop_2118.jpg,0
train,datasets/eurosat/EuroSAT_RGB/AnnualCrop/AnnualCrop_2122.jpg,0
train,datasets/eurosat/EuroSAT_RGB/AnnualCrop/AnnualCrop_2262.jpg,0
train,datasets/eurosat/EuroSAT_RGB/AnnualCrop/AnnualCrop_2286.jpg,0
train,datasets/eurosat/EuroSAT_RGB/AnnualCrop/AnnualCrop_2431.jpg,0
train,datasets/eurosat/EuroSAT_RGB/AnnualCrop/AnnualCrop_2511.jpg,0
train,datasets/eurosat/EuroSAT_RGB/AnnualCrop/AnnualCrop_2603.jpg,0
train,datasets/eurosat/EuroSAT_RGB/AnnualCrop/AnnualCrop_2621.jpg,0
train,datasets/eurosat/EuroSAT_RGB/AnnualCrop/AnnualCrop_2646.jpg,0
train,datasets/eurosat/EuroSAT_RGB/AnnualCrop/AnnualCrop_2707.jpg,0
train,datasets/eurosat/EuroSAT_RGB/AnnualCrop/AnnualCrop_2746.jpg,0
train,datasets/eurosat/EuroSAT_RGB/AnnualCrop/AnnualCrop_2772.jpg,0
train,datasets/eurosat/EuroSAT_RGB/AnnualCrop/AnnualCrop_2774.jpg,0
train,datasets/eurosat/EuroSAT_RGB/AnnualCrop/AnnualCrop_2788.jpg,0
train,datasets/eurosat/EuroSAT_RGB/AnnualCrop/AnnualCrop_282.jpg,0
train,datasets/eurosat/EuroSAT_RGB/AnnualCrop/AnnualCrop_2829.jpg,0
train,datasets/eurosat/EuroSAT_RGB/AnnualCrop/AnnualCrop_284.jpg,0
train,datasets/eurosat/EuroSAT_RGB/AnnualCrop/AnnualCrop_2896.jpg,0
train,datasets/eurosat/EuroSAT_RGB/AnnualCrop/AnnualCrop_2993.jpg,0
train,datasets/eurosat/EuroSAT_RGB/AnnualCrop/AnnualCrop_332.jpg,0
train,datasets/eurosat/EuroSAT_RGB/AnnualCrop/AnnualCrop_368.jpg,0
train,datasets/eurosat/EuroSAT_RGB/AnnualCrop/AnnualCrop_385.jpg,0
train,datasets/eurosat/EuroSAT_RGB/AnnualCrop/AnnualCrop_387.jpg,0
train,datasets/eurosat/EuroSAT_RGB/AnnualCrop/AnnualCrop_406.jpg,0
train,datasets/eurosat/EuroSAT_RGB/AnnualCrop/AnnualCrop_431.jpg,0
train,datasets/eurosat/EuroSAT_RGB/AnnualCrop/AnnualCrop_436.jpg,0
train,datasets/eurosat/EuroSAT_RGB/AnnualCrop/AnnualCrop_443.jpg,0
train,datasets/eurosat/EuroSAT_RGB/AnnualCrop/AnnualCrop_474.jpg,0
train,datasets/eurosat/EuroSAT_RGB/AnnualCrop/AnnualCrop_528.jpg,0
train,datasets/eurosat/EuroSAT_RGB/AnnualCrop/AnnualCrop_703.jpg,0
train,datasets/eurosat/EuroSAT_RGB/AnnualCrop/AnnualCrop_853.jpg,0
train,datasets/eurosat/EuroSAT_RGB/AnnualCrop/AnnualCrop_903.jpg,0
train,datasets/eurosat/EuroSAT_RGB/Forest/Forest_1082.jpg,1
train,datasets/eurosat/EuroSAT_RGB/Forest/Forest_1111.jpg,1
train,datasets/eurosat/EuroSAT_RGB/Forest/Forest_1174.jpg,1
train,datasets/eurosat/EuroSAT_RGB/Forest/Forest_1214.jpg,1
train,datasets/eurosat/EuroSAT_RGB/Forest/Forest_1258.jpg,1
train,datasets/eurosat/EuroSAT_RGB/Forest/Forest_1354.jpg,1
train,datasets/eurosat/EuroSAT_RGB/Forest/Forest_1371.jpg,1
train,datasets/eurosat/EuroSAT_RGB/Forest/Forest_1373.jpg,1
train,datasets/eurosat/EuroSAT_RGB/Forest/Forest_1393.jpg,1
train,datasets/eurosat/EuroSAT_RGB/Forest/Forest_1420.jpg,1
train,datasets/eurosat/EuroSAT_RGB/Forest/Forest_1437.jpg,1
train,datasets/eurosat/EuroSAT_RGB/Forest/Forest_1531.jpg,1
train,datasets/eurosat/EuroSAT_RGB/Forest/Forest_163.jpg,1
train,datasets/eurosat/EuroSAT_RGB/Forest/Forest_1651.jpg,1
train,datasets/eurosat/EuroSAT_RGB/Forest/Forest_1731.jpg,1
train,datasets/eurosat/EuroSAT_RGB/Forest/Forest_1745.jpg,1
train,datasets/eurosat/EuroSAT_RGB/Forest/Forest_1910.jpg,1
train,datasets/eurosat/EuroSAT_RGB/Forest/Forest_1917.jpg,1
train,datasets/eurosat/EuroSAT_RGB/Forest/Forest_1934.jpg,1
train,datasets/eurosat/EuroSAT_RGB/Forest/Forest_1936.jpg,1
train,datasets/eurosat/EuroSAT_RGB/Forest/Forest_1950.jpg,1
train,datasets/eurosat/EuroSAT_RGB/Forest/Forest_1992.jpg,1
train,datasets/eurosat/EuroSAT_RGB/Forest/Forest_2018.jpg,1
train,datasets/eurosat/EuroSAT_RGB/Forest/Forest_2053.jpg,1
train,datasets/eurosat/EuroSAT_RGB/Forest/Forest_2054.jpg,1
train,datasets/eurosat/EuroSAT_RGB/Forest/Forest_2271.jpg,1
train,datasets/eurosat/EuroSAT_RGB/Forest/Forest_2288.jpg,1
train,datasets/eurosat/EuroSAT_RGB/Forest/Forest_2291.jpg,1
train,datasets/eurosat/EuroSAT_RGB/Forest/Forest_2304.jpg,1
train,datasets/eurosat/EuroSAT_RGB/Forest/Forest_2311.jpg,1
train,datasets/eurosat/EuroSAT_RGB/Forest/Forest_2322.jpg,1
train,datasets/eurosat/EuroSAT_RGB/Forest/Forest_2367.jpg,1
train,datasets/eurosat/EuroSAT_RGB/Forest/Forest_2426.jpg,1
train,datasets/eurosat/EuroSAT_RGB/Forest/Forest_2467.jpg,1
train,datasets/eurosat/EuroSAT_RGB/Forest/Forest_2673.jpg,1
train,datasets/eurosat/EuroSAT_RGB/Forest/Forest_276.jpg,1
train,datasets/eurosat/EuroSAT_RGB/Forest/Forest_2863.jpg,1
train,datasets/eurosat/EuroSAT_RGB/Forest/Forest_2884.jpg,1
train,datasets/eurosat/EuroSAT_RGB/Forest/Forest_2896.jpg,1
train,datasets/eurosat/EuroSAT_RGB/Forest/Forest_2945.jpg,1
train,datasets/eurosat/EuroSAT_RGB/Forest/Forest_2962.jpg,1
train,datasets/eurosat/EuroSAT_RGB/Forest/Forest_331.jpg,1
train,datasets/eurosat/EuroSAT_RGB/Forest/Forest_354.jpg,1
train,datasets/eurosat/EuroSAT_RGB/Forest/Forest_381.jpg,1
train,datasets/eurosat/EuroSAT_RGB/Forest/Forest_401.jpg,1
train,datasets/eurosat/EuroSAT_RGB/Forest/Forest_510.jpg,1
train,datasets/eurosat/EuroSAT_RGB/Forest/Forest_531.jpg,1
train,datasets/eurosat/EuroSAT_RGB/Forest/Forest_59.jpg,1
train,datasets/eurosat/EuroSAT_RGB/Forest/Forest_663.jpg,1
train,datasets/eurosat/EuroSAT_RGB/Forest/Forest_763.jpg,1
train,datasets/eurosat/EuroSAT_RGB/Forest/Forest_859.jpg,1
train,datasets/eurosat/EuroSAT_RGB/Forest/Forest_871.jpg,1
train,datasets/eurosat/EuroSAT_RGB/Forest/Forest_913.jpg,1
train,datasets/eurosat/EuroSAT_RGB/Forest/Forest_925.jpg,1
train,datasets/eurosat/EuroSAT_RGB/Forest/Forest_939.jpg,1
train,datasets/eurosat/EuroSAT_RGB/Forest/Forest_957.jpg,1
train,datasets/eurosat/EuroSAT_RGB/HerbaceousVegetation/HerbaceousVegetation_1082.jpg,2
train,datasets/eurosat/EuroSAT_RGB/HerbaceousVegetation/HerbaceousVegetation_1095.jpg,2
train,datasets/eurosat/EuroSAT_RGB/HerbaceousVegetation/HerbaceousVegetation_1100.jpg,2
train,datasets/eurosat/EuroSAT_RGB/HerbaceousVegetation/HerbaceousVegetation_1174.jpg,2
train,datasets/eurosat/EuroSAT_RGB/HerbaceousVegetation/HerbaceousVegetation_1227.jpg,2
train,datasets/eurosat/EuroSAT_RGB/HerbaceousVegetation/HerbaceousVegetation_1319.jpg,2
train,datasets/eurosat/EuroSAT_RGB/HerbaceousVegetation/HerbaceousVegetation_1335.jpg,2
train,datasets/eurosat/EuroSAT_RGB/HerbaceousVegetation/HerbaceousVegetation_1344.jpg,2
train,datasets/eurosat/EuroSAT_RGB/HerbaceousVegetation/HerbaceousVegetation_1347.jpg,2
train,datasets/eurosat/EuroSAT_RGB/HerbaceousVegetation/HerbaceousVegetation_1376.jpg,2
train,datasets/eurosat/EuroSAT_RGB/HerbaceousVegetation/HerbaceousVegetation_1448.jpg,2
train,datasets/eurosat/EuroSAT_RGB/HerbaceousVegetation/HerbaceousVegetation_1510.jpg,2
train,datasets/eurosat/EuroSAT_RGB/HerbaceousVegetation/HerbaceousVegetation_183.jpg,2
train,datasets/eurosat/EuroSAT_RGB/HerbaceousVegetation/HerbaceousVegetation_1835.jpg,2
train,datasets/eurosat/EuroSAT_RGB/HerbaceousVegetation/HerbaceousVegetation_1883.jpg,2
train,datasets/eurosat/EuroSAT_RGB/HerbaceousVegetation/HerbaceousVegetation_1976.jpg,2
train,datasets/eurosat/EuroSAT_RGB/HerbaceousVegetation/HerbaceousVegetation_2066.jpg,2
train,datasets/eurosat/EuroSAT_RGB/HerbaceousVegetation/HerbaceousVegetation_2093.jpg,2
train,datasets/eurosat/EuroSAT_RGB/HerbaceousVegetation/HerbaceousVegetation_2225.jpg,2
train,datasets/eurosat/EuroSAT_RGB/HerbaceousVegetation/HerbaceousVegetation_2259.jpg,2
train,datasets/eurosat/EuroSAT_RGB/HerbaceousVegetation/HerbaceousVegetation_2347.jpg,2
train,datasets/eurosat/EuroSAT_RGB/HerbaceousVegetation/HerbaceousVegetation_2356.jpg,2
train,datasets/eurosat/EuroSAT_RGB/HerbaceousVegetation/HerbaceousVegetation_2370.jpg,2
train,datasets/eurosat/EuroSAT_RGB/HerbaceousVegetation/HerbaceousVegetation_240.jpg,2
train,datasets/eurosat/EuroSAT_RGB/HerbaceousVegetation/HerbaceousVegetation_2478.jpg,2
train,datasets/eurosat/EuroSAT_RGB/HerbaceousVegetation/HerbaceousVegetation_25.jpg,2
train,datasets/eurosat/EuroSAT_RGB/HerbaceousVegetation/HerbaceousVegetation_2535.jpg,2
train,datasets/eurosat/EuroSAT_RGB/HerbaceousVegetation/HerbaceousVegetation_2611.jpg,2
train,datasets/eurosat/EuroSAT_RGB/HerbaceousVegetation/HerbaceousVegetation_2622.jpg,2
train,datasets/eurosat/EuroSAT_RGB/HerbaceousVegetation/HerbaceousVegetation_2710.jpg,2
train,datasets/eurosat/EuroSAT_RGB/HerbaceousVegetation/HerbaceousVegetation_2725.jpg,2
train,datasets/eurosat/EuroSAT_RGB/HerbaceousVegetation/HerbaceousVegetation_2876.jpg,2
train,datasets/eurosat/EuroSAT_RGB/HerbaceousVegetation/HerbaceousVegetation_293.jpg,2
train,datasets/eurosat/EuroSAT_RGB/HerbaceousVegetation/HerbaceousVegetation_2934.jpg,2
train,datasets/eurosat/EuroSAT_RGB/HerbaceousVegetation/HerbaceousVegetation_319.jpg,2
train,datasets/eurosat/EuroSAT_RGB/HerbaceousVegetation/HerbaceousVegetation_325.jpg,2
train,datasets/eurosat/EuroSAT_RGB/HerbaceousVegetation/HerbaceousVegetation_331.jpg,2
train,datasets/eurosat/EuroSAT_RGB/HerbaceousVegetation/HerbaceousVegetation_379.jpg,2
train,datasets/eurosat/EuroSAT_RGB/HerbaceousVegetation/HerbaceousVegetation_406.jpg,2
train,datasets/eurosat/EuroSAT_RGB/HerbaceousVegetation/HerbaceousVegetation_431.jpg,2
train,datasets/eurosat/EuroSAT_RGB/HerbaceousVegetation/HerbaceousVegetation_434.jpg,2
train,datasets/eurosat/EuroSAT_RGB/HerbaceousVegetation/HerbaceousVegetation_44.jpg,2
train,datasets/eurosat/EuroSAT_RGB/HerbaceousVegetation/HerbaceousVegetation_524.jpg,2
train,datasets/eurosat/EuroSAT_RGB/HerbaceousVegetation/HerbaceousVegetation_526.jpg,2
train,datasets/eurosat/EuroSAT_RGB/HerbaceousVegetation/HerbaceousVegetation_560.jpg,2
train,datasets/eurosat/EuroSAT_RGB/HerbaceousVegetation/HerbaceousVegetation_606.jpg,2
train,datasets/eurosat/EuroSAT_RGB/HerbaceousVegetation/HerbaceousVegetation_710.jpg,2
train,datasets/eurosat/EuroSAT_RGB/HerbaceousVegetation/HerbaceousVegetation_742.jpg,2
train,datasets/eurosat/EuroSAT_RGB/HerbaceousVegetation/HerbaceousVegetation_77.jpg,2
train,datasets/eurosat/EuroSAT_RGB/HerbaceousVegetation/HerbaceousVegetation_809.jpg,2
train,datasets/eurosat/EuroSAT_RGB/HerbaceousVegetation/HerbaceousVegetation_868.jpg,2
train,datasets/eurosat/EuroSAT_RGB/HerbaceousVegetation/HerbaceousVegetation_916.jpg,2
train,datasets/eurosat/EuroSAT_RGB/HerbaceousVegetation/HerbaceousVegetation_952.jpg,2
train,datasets/eurosat/EuroSAT_RGB/HerbaceousVegetation/HerbaceousVegetation_967.jpg,2
train,datasets/eurosat/EuroSAT_RGB/HerbaceousVegetation/HerbaceousVegetation_970.jpg,2
train,datasets/eurosat/EuroSAT_RGB/HerbaceousVegetation/HerbaceousVegetation_996.jpg,2
train,datasets/eurosat/EuroSAT_RGB/Highway/Highway_1003.jpg,3
train,datasets/eurosat/EuroSAT_RGB/Highway/Highway_1025.jpg,3
train,datasets/eurosat/EuroSAT_RGB/Highway/Highway_1056.jpg,3
train,datasets/eurosat/EuroSAT_RGB/Highway/Highway_1150.jpg,3
train,datasets/eurosat/EuroSAT_RGB/Highway/Highway_1162.jpg,3
train,datasets/eurosat/EuroSAT_RGB/Highway/Highway_1266.jpg,3
train,datasets/eurosat/EuroSAT_RGB/Highway/Highway_132.jpg,3
train,datasets/eurosat/EuroSAT_RGB/Highway/Highway_1324.jpg,3
train,datasets/eurosat/EuroSAT_RGB/Highway/Highway_135.jpg,3
train,datasets/eurosat/EuroSAT_RGB/Highway/Highway_1371.jpg,3
train,datasets/eurosat/EuroSAT_RGB/Highway/Highway_1399.jpg,3
train,datasets/eurosat/EuroSAT_RGB/Highway/Highway_1412.jpg,3
train,datasets/eurosat/EuroSAT_RGB/Highway/Highway_1507.jpg,3
train,datasets/eurosat/EuroSAT_RGB/Highway/Highway_1508.jpg,3
train,datasets/eurosat/EuroSAT_RGB/Highway/Highway_1516.jpg,3
train,datasets/eurosat/EuroSAT_RGB/Highway/Highway_1581.jpg,3
train,datasets/eurosat/EuroSAT_RGB/Highway/Highway_1741.jpg,3
train,datasets/eurosat/EuroSAT_RGB/Highway/Highway_176.jpg,3
train,datasets/eurosat/EuroSAT_RGB/Highway/Highway_177.jpg,3
train,datasets/eurosat/EuroSAT_RGB/Highway/Highway_1813.jpg,3
train,datasets/eurosat/EuroSAT_RGB/Highway/Highway_1877.jpg,3
train,datasets/eurosat/EuroSAT_RGB/Highway/Highway_1944.jpg,3
train,datasets/eurosat/EuroSAT_RGB/Highway/Highway_1947.jpg,3
train,datasets/eurosat/EuroSAT_RGB/Highway/Highway_221.jpg,3
train,datasets/eurosat/EuroSAT_RGB/Highway/Highway_2226.jpg,3
train,datasets/eurosat/EuroSAT_RGB/Highway/Highway_2323.jpg,3
train,datasets/eurosat/EuroSAT_RGB/Highway/Highway_2426.jpg,3
train,datasets/eurosat/EuroSAT_RGB/Highway/Highway_2462.jpg,3
train,datasets/eurosat/EuroSAT_RGB/Highway/Highway_2494.jpg,3
train,datasets/eurosat/EuroSAT_RGB/Highway/Highway_351.jpg,3
train,datasets/eurosat/EuroSAT_RGB/Highway/Highway_355.jpg,3
train,datasets/eurosat/EuroSAT_RGB/Highway/Highway_364.jpg,3
train,datasets/eurosat/EuroSAT_RGB/Highway/Highway_515.jpg,3
train,datasets/eurosat/EuroSAT_RGB/Highway/Highway_533.jpg,3
train,datasets/eurosat/EuroSAT_RGB/Highway/Highway_552.jpg,3
train,datasets/eurosat/EuroSAT_RGB/Highway/Highway_555.jpg,3
train,datasets/eurosat/EuroSAT_RGB/Highway/Highway_602.jpg,3
train,datasets/eurosat/EuroSAT_RGB/Highway/Highway_748.jpg,3
train,datasets/eurosat/EuroSAT_RGB/Highway/Highway_804.jpg,3
train,datasets/eurosat/EuroSAT_RGB/Highway/Highway_808.jpg,3
train,datasets/eurosat/EuroSAT_RGB/Highway/Highway_864.jpg,3
train,datasets/eurosat/EuroSAT_RGB/Highway/Highway_888.jpg,3
train,datasets/eurosat/EuroSAT_RGB/Highway/Highway_893.jpg,3
train,datasets/eurosat/EuroSAT_RGB/Highway/Highway_935.jpg,3
train,datasets/eurosat/EuroSAT_RGB/Highway/Highway_946.jpg,3
train,datasets/eurosat/EuroSAT_RGB/Highway/Highway_982.jpg,3
train,datasets/eurosat/EuroSAT_RGB/Industrial/Industrial_1002.jpg,4
train,datasets/eurosat/EuroSAT_RGB/Industrial/Industrial_1046.jpg,4
train,datasets/eurosat/EuroSAT_RGB/Industrial/Industrial_110.jpg,4
train,datasets/eurosat/EuroSAT_RGB/Industrial/Industrial_1121.jpg,4
train,datasets/eurosat/EuroSAT_RGB/Industrial/Industrial_1167.jpg,4
train,datasets/eurosat/EuroSAT_RGB/Industrial/Industrial_1175.jpg,4
train,datasets/eurosat/EuroSAT_RGB/Industrial/Industrial_1209.jpg,4
train,datasets/eurosat/EuroSAT_RGB/Industrial/Industrial_1214.jpg,4
train,datasets/eurosat/EuroSAT_RGB/Industrial/Industrial_1221.jpg,4
train,datasets/eurosat/EuroSAT_RGB/Industrial/Industrial_126.jpg,4
train,datasets/eurosat/EuroSAT_RGB/Industrial/Industrial_131.jpg,4
train,datasets/eurosat/EuroSAT_RGB/Industrial/Industrial_1316.jpg,4
train,datasets/eurosat/EuroSAT_RGB/Industrial/Industrial_1393.jpg,4
train,datasets/eurosat/EuroSAT_RGB/Industrial/Industrial_147.jpg,4
train,datasets/eurosat/EuroSAT_RGB/Industrial/Industrial_1554.jpg,4
train,datasets/eurosat/EuroSAT_RGB/Industrial/Industrial_1560.jpg,4
train,datasets/eurosat/EuroSAT_RGB/Industrial/Industrial_1562.jpg,4
train,datasets/eurosat/EuroSAT_RGB/Industrial/Industrial_1574.jpg,4
train,datasets/eurosat/EuroSAT_RGB/Industrial/Industrial_1701.jpg,4
train,datasets/eurosat/EuroSAT_RGB/Industrial/Industrial_1936.jpg,4
train,datasets/eurosat/EuroSAT_RGB/Industrial/Industrial_1944.jpg,4
train,datasets/eurosat/EuroSAT_RGB/Industrial/Industrial_197.jpg,4
train,datasets/eurosat/EuroSAT_RGB/Industrial/Industrial_2238.jpg,4
train,datasets/eurosat/EuroSAT_RGB/Industrial/Industrial_224.jpg,4
train,datasets/eurosat/EuroSAT_RGB/Industrial/Industrial_2263.jpg,4
train,datasets/eurosat/EuroSAT_RGB/Industrial/Industrial_2289.jpg,4
train,datasets/eurosat/EuroSAT_RGB/Industrial/Industrial_2326.jpg,4
train,datasets/eurosat/EuroSAT_RGB/Industrial/Industrial_2376.jpg,4
train,datasets/eurosat/EuroSAT_RGB/Industrial/Industrial_2466.jpg,4
train,datasets/eurosat/EuroSAT_RGB/Industrial/Industrial_260.jpg,4
train,datasets/eurosat/EuroSAT_RGB/Industrial/Industrial_357.jpg,4
train,datasets/eurosat/EuroSAT_RGB/Industrial/Industrial_447.jpg,4
train,datasets/eurosat/EuroSAT_RGB/Industrial/Industrial_542.jpg,4
train,datasets/eurosat/EuroSAT_RGB/Industrial/Industrial_59.jpg,4
train,datasets/eurosat/EuroSAT_RGB/Industrial/Industrial_593.jpg,4
train,datasets/eurosat/EuroSAT_RGB/Industrial/Industrial_677.jpg,4
train,datasets/eurosat/EuroSAT_RGB/Industrial/Industrial_68.jpg,4
train,datasets/eurosat/EuroSAT_RGB/Industrial/Industrial_685.jpg,4
train,datasets/eurosat/EuroSAT_RGB/Industrial/Industrial_697.jpg,4
train,datasets/eurosat/EuroSAT_RGB/Industrial/Industrial_715.jpg,4
train,datasets/eurosat/EuroSAT_RGB/Industrial/Industrial_831.jpg,4
train,datasets/eurosat/EuroSAT_RGB/Industrial/Industrial_842.jpg,4
train,datasets/eurosat/EuroSAT_RGB/Industrial/Industrial_908.jpg,4
train,datasets/eurosat/EuroSAT_RGB/Industrial/Industrial_920.jpg,4
train,datasets/eurosat/EuroSAT_RGB/Industrial/Industrial_964.jpg,4
train,datasets/eurosat/EuroSAT_RGB/Industrial/Industrial_974.jpg,4
train,datasets/eurosat/EuroSAT_RGB/Pasture/Pasture_1047.jpg,5
train,datasets/eurosat/EuroSAT_RGB/Pasture/Pasture_1078.jpg,5
train,datasets/eurosat/EuroSAT_RGB/Pasture/Pasture_1104.jpg,5
train,datasets/eurosat/EuroSAT_RGB/Pasture/Pasture_1193.jpg,5
train,datasets/eurosat/EuroSAT_RGB/Pasture/Pasture_1342.jpg,5
train,datasets/eurosat/EuroSAT_RGB/Pasture/Pasture_1389.jpg,5
train,datasets/eurosat/EuroSAT_RGB/Pasture/Pasture_1477.jpg,5
train,datasets/eurosat/EuroSAT_RGB/Pasture/Pasture_1509.jpg,5
train,datasets/eurosat/EuroSAT_RGB/Pasture/Pasture_153.jpg,5
train,datasets/eurosat/EuroSAT_RGB/Pasture/Pasture_1538.jpg,5
train,datasets/eurosat/EuroSAT_RGB/Pasture/Pasture_1545.jpg,5
train,datasets/eurosat/EuroSAT_RGB/Pasture/Pasture_1558.jpg,5
train,datasets/eurosat/EuroSAT_RGB/Pasture/Pasture_16.jpg,5
train,datasets/eurosat/EuroSAT_RGB/Pasture/Pasture_1799.jpg,5
train,datasets/eurosat/EuroSAT_RGB/Pasture/Pasture_1827.jpg,5
train,datasets/eurosat/EuroSAT_RGB/Pasture/Pasture_1834.jpg,5
train,datasets/eurosat/EuroSAT_RGB/Pasture/Pasture_1886.jpg,5
train,datasets/eurosat/EuroSAT_RGB/Pasture/Pasture_1888.jpg,5
train,datasets/eurosat/EuroSAT_RGB/Pasture/Pasture_1908.jpg,5
train,datasets/eurosat/EuroSAT_RGB/Pasture/Pasture_1946.jpg,5
train,datasets/eurosat/EuroSAT_RGB/Pasture/Pasture_239.jpg,5
train,datasets/eurosat/EuroSAT_RGB/Pasture/Pasture_268.jpg,5
train,datasets/eurosat/EuroSAT_RGB/Pasture/Pasture_41.jpg,5
train,datasets/eurosat/EuroSAT_RGB/Pasture/Pasture_436.jpg,5
train,datasets/eurosat/EuroSAT_RGB/Pasture/Pasture_471.jpg,5
train,datasets/eurosat/EuroSAT_RGB/Pasture/Pasture_555.jpg,5
train,datasets/eurosat/EuroSAT_RGB/Pasture/Pasture_642.jpg,5
train,datasets/eurosat/EuroSAT_RGB/Pasture/Pasture_643.jpg,5
train,datasets/eurosat/EuroSAT_RGB/Pasture/Pasture_687.jpg,5
train,datasets/eurosat/EuroSAT_RGB/Pasture/Pasture_726.jpg,5
train,datasets/eurosat/EuroSAT_RGB/Pasture/Pasture_754.jpg,5
train,datasets/eurosat/EuroSAT_RGB/Pasture/Pasture_762.jpg,5
train,datasets/eurosat/EuroSAT_RGB/Pasture/Pasture_816.jpg,5
train,datasets/eurosat/EuroSAT_RGB/Pasture/Pasture_841.jpg,5
train,datasets/eurosat/EuroSAT_RGB/Pasture/Pasture_855.jpg,5
train,datasets/eurosat/EuroSAT_RGB/Pasture/Pasture_950.jpg,5
train,datasets/eurosat/EuroSAT_RGB/Pasture/Pasture_980.jpg,5
train,datasets/eurosat/EuroSAT_RGB/PermanentCrop/PermanentCrop_1000.jpg,6
train,datasets/eurosat/EuroSAT_RGB/PermanentCrop/PermanentCrop_1089.jpg,6
train,datasets/eurosat/EuroSAT_RGB/PermanentCrop/PermanentCrop_1091.jpg,6
train,datasets/eurosat/EuroSAT_RGB/PermanentCrop/PermanentCrop_1194.jpg,6
train,datasets/eurosat/EuroSAT_RGB/PermanentCrop/PermanentCrop_1218.jpg,6
train,datasets/eurosat/EuroSAT_RGB/PermanentCrop/PermanentCrop_1228.jpg,6
train,datasets/eurosat/EuroSAT_RGB/PermanentCrop/PermanentCrop_1322.jpg,6
train,datasets/eurosat/EuroSAT_RGB/PermanentCrop/PermanentCrop_1362.jpg,6
train,datasets/eurosat/EuroSAT_RGB/PermanentCrop/PermanentCrop_144.jpg,6
train,datasets/eurosat/EuroSAT_RGB/PermanentCrop/PermanentCrop_1444.jpg,6
train,datasets/eurosat/EuroSAT_RGB/PermanentCrop/PermanentCrop_1548.jpg,6
train,datasets/eurosat/EuroSAT_RGB/PermanentCrop/PermanentCrop_1559.jpg,6
train,datasets/eurosat/EuroSAT_RGB/PermanentCrop/PermanentCrop_1629.jpg,6
train,datasets/eurosat/EuroSAT_RGB/PermanentCrop/PermanentCrop_1639.jpg,6
train,datasets/eurosat/EuroSAT_RGB/PermanentCrop/PermanentCrop_1679.jpg,6
train,datasets/eurosat/EuroSAT_RGB/PermanentCrop/PermanentCrop_1715.jpg,6
train,datasets/eurosat/EuroSAT_RGB/PermanentCrop/PermanentCrop_1871.jpg,6
train,datasets/eurosat/EuroSAT_RGB/PermanentCrop/PermanentCrop_1953.jpg,6
train,datasets/eurosat/EuroSAT_RGB/PermanentCrop/PermanentCrop_1975.jpg,6
train,datasets/eurosat/EuroSAT_RGB/PermanentCrop/PermanentCrop_1986.jpg,6
train,datasets/eurosat/EuroSAT_RGB/PermanentCrop/PermanentCrop_2046.jpg,6
train,datasets/eurosat/EuroSAT_RGB/PermanentCrop/PermanentCrop_2077.jpg,6
train,datasets/eurosat/EuroSAT_RGB/PermanentCrop/PermanentCrop_2080.jpg,6
train,datasets/eurosat/EuroSAT_RGB/PermanentCrop/PermanentCrop_2099.jpg,6
train,datasets/eurosat/EuroSAT_RGB/PermanentCrop/PermanentCrop_2127.jpg,6
train,datasets/eurosat/EuroSAT_RGB/PermanentCrop/PermanentCrop_2131.jpg,6
train,datasets/eurosat/EuroSAT_RGB/PermanentCrop/PermanentCrop_2158.jpg,6
train,datasets/eurosat/EuroSAT_RGB/PermanentCrop/PermanentCrop_2161.jpg,6
train,datasets/eurosat/EuroSAT_RGB/PermanentCrop/PermanentCrop_2163.jpg,6
train,datasets/eurosat/EuroSAT_RGB/PermanentCrop/PermanentCrop_22.jpg,6
train,datasets/eurosat/EuroSAT_RGB/PermanentCrop/PermanentCrop_2208.jpg,6
train,datasets/eurosat/EuroSAT_RGB/PermanentCrop/PermanentCrop_2224.jpg,6
train,datasets/eurosat/EuroSAT_RGB/PermanentCrop/PermanentCrop_2227.jpg,6
train,datasets/eurosat/EuroSAT_RGB/PermanentCrop/PermanentCrop_2256.jpg,6
train,datasets/eurosat/EuroSAT_RGB/PermanentCrop/PermanentCrop_2325.jpg,6
train,datasets/eurosat/EuroSAT_RGB/PermanentCrop/PermanentCrop_2330.jpg,6
train,datasets/eurosat/EuroSAT_RGB/PermanentCrop/PermanentCrop_2415.jpg,6
train,datasets/eurosat/EuroSAT_RGB/PermanentCrop/PermanentCrop_259.jpg,6
train,datasets/eurosat/EuroSAT_RGB/PermanentCrop/PermanentCrop_263.jpg,6
train,datasets/eurosat/EuroSAT_RGB/PermanentCrop/PermanentCrop_310.jpg,6
train,datasets/eurosat/EuroSAT_RGB/PermanentCrop/PermanentCrop_518.jpg,6
train,datasets/eurosat/EuroSAT_RGB/PermanentCrop/PermanentCrop_81.jpg,6
train,datasets/eurosat/EuroSAT_RGB/PermanentCrop/PermanentCrop_816.jpg,6
train,datasets/eurosat/EuroSAT_RGB/PermanentCrop/PermanentCrop_871.jpg,6
train,datasets/eurosat/EuroSAT_RGB/PermanentCrop/PermanentCrop_876.jpg,6
train,datasets/eurosat/EuroSAT_RGB/PermanentCrop/PermanentCrop_989.jpg,6
train,datasets/eurosat/EuroSAT_RGB/Residential/Residential_1072.jpg,7
train,datasets/eurosat/EuroSAT_RGB/Residential/Residential_1106.jpg,7
train,datasets/eurosat/EuroSAT_RGB/Residential/Residential_1152.jpg,7
train,datasets/eurosat/EuroSAT_RGB/Residential/Residential_1235.jpg,7
train,datasets/eurosat/EuroSAT_RGB/Residential/Residential_1254.jpg,7
train,datasets/eurosat/EuroSAT_RGB/Residential/Residential_127.jpg,7
train,datasets/eurosat/EuroSAT_RGB/Residential/Residential_1273.jpg,7
train,datasets/eurosat/EuroSAT_RGB/Residential/Residential_1309.jpg,7
train,datasets/eurosat/EuroSAT_RGB/Residential/Residential_1323.jpg,7
train,datasets/eurosat/EuroSAT_RGB/Residential/Residential_1401.jpg,7
train,datasets/eurosat/EuroSAT_RGB/Residential/Residential_1434.jpg,7
train,datasets/eurosat/EuroSAT_RGB/Residential/Residential_1493.jpg,7
train,datasets/eurosat/EuroSAT_RGB/Residential/Residential_1532.jpg,7
train,datasets/eurosat/EuroSAT_RGB/Residential/Residential_1541.jpg,7
train,datasets/eurosat/EuroSAT_RGB/Residential/Residential_1565.jpg,7
train,datasets/eurosat/EuroSAT_RGB/Residential/Residential_1577.jpg,7
train,datasets/eurosat/EuroSAT_RGB/Residential/Residential_1641.jpg,7
train,datasets/eurosat/EuroSAT_RGB/Residential/Residential_1693.jpg,7
train,datasets/eurosat/EuroSAT_RGB/Residential/Residential_1722.jpg,7
train,datasets/eurosat/EuroSAT_RGB/Residential/Residential_1789.jpg,7
train,datasets/eurosat/EuroSAT_RGB/Residential/Residential_182.jpg,7
train,datasets/eurosat/EuroSAT_RGB/Residential/Residential_1837.jpg,7
train,datasets/eurosat/EuroSAT_RGB/Residential/Residential_184.jpg,7
train,datasets/eurosat/EuroSAT_RGB/Residential/Residential_1855.jpg,7
train,datasets/eurosat/EuroSAT_RGB/Residential/Residential_1913.jpg,7
train,datasets/eurosat/EuroSAT_RGB/Residential/Residential_1950.jpg,7
train,datasets/eurosat/EuroSAT_RGB/Residential/Residential_2000.jpg,7
train,datasets/eurosat/EuroSAT_RGB/Residential/Residential_2139.jpg,7
train,datasets/eurosat/EuroSAT_RGB/Residential/Residential_2167.jpg,7
train,datasets/eurosat/EuroSAT_RGB/Residential/Residential_2172.jpg,7
train,datasets/eurosat/EuroSAT_RGB/Residential/Residential_2181.jpg,7
train,datasets/eurosat/EuroSAT_RGB/Residential/Residential_2235.jpg,7
train,datasets/eurosat/EuroSAT_RGB/Residential/Residential_2352.jpg,7
train,datasets/eurosat/EuroSAT_RGB/Residential/Residential_2358.jpg,7
train,datasets/eurosat/EuroSAT_RGB/Residential/Residential_2396.jpg,7
train,datasets/eurosat/EuroSAT_RGB/Residential/Residential_2427.jpg,7
train,datasets/eurosat/EuroSAT_RGB/Residential/Residential_2434.jpg,7
train,datasets/eurosat/EuroSAT_RGB/Residential/Residential_246.jpg,7
train,datasets/eurosat/EuroSAT_RGB/Residential/Residential_2504.jpg,7
train,datasets/eurosat/EuroSAT_RGB/Residential/Residential_2537.jpg,7
train,datasets/eurosat/EuroSAT_RGB/Residential/Residential_2674.jpg,7
train,datasets/eurosat/EuroSAT_RGB/Residential/Residential_2865.jpg,7
train,datasets/eurosat/EuroSAT_RGB/Residential/Residential_2875.jpg,7
train,datasets/eurosat/EuroSAT_RGB/Residential/Residential_2888.jpg,7
train,datasets/eurosat/EuroSAT_RGB/Residential/Residential_2916.jpg,7
train,datasets/eurosat/EuroSAT_RGB/Residential/Residential_2969.jpg,7
train,datasets/eurosat/EuroSAT_RGB/Residential/Residential_47.jpg,7
train,datasets/eurosat/EuroSAT_RGB/Residential/Residential_539.jpg,7
train,datasets/eurosat/EuroSAT_RGB/Residential/Residential_598.jpg,7
train,datasets/eurosat/EuroSAT_RGB/Residential/Residential_652.jpg,7
train,datasets/eurosat/EuroSAT_RGB/Residential/Residential_814.jpg,7
train,datasets/eurosat/EuroSAT_RGB/Residential/Residential_838.jpg,7
train,datasets/eurosat/EuroSAT_RGB/Residential/Residential_883.jpg,7
train,datasets/eurosat/EuroSAT_RGB/Residential/Residential_941.jpg,7
train,datasets/eurosat/EuroSAT_RGB/Residential/Residential_994.jpg,7
train,datasets/eurosat/EuroSAT_RGB/River/River_1002.jpg,8
train,datasets/eurosat/EuroSAT_RGB/River/River_1052.jpg,8
train,datasets/eurosat/EuroSAT_RGB/River/River_1072.jpg,8
train,datasets/eurosat/EuroSAT_RGB/River/River_1077.jpg,8
train,datasets/eurosat/EuroSAT_RGB/River/River_1087.jpg,8
train,datasets/eurosat/EuroSAT_RGB/River/River_1114.jpg,8
train,datasets/eurosat/EuroSAT_RGB/River/River_1129.jpg,8
train,datasets/eurosat/EuroSAT_RGB/River/River_1153.jpg,8
train,datasets/eurosat/EuroSAT_RGB/River/River_1338.jpg,8
train,datasets/eurosat/EuroSAT_RGB/River/River_1410.jpg,8
train,datasets/eurosat/EuroSAT_RGB/River/River_1435.jpg,8
train,datasets/eurosat/EuroSAT_RGB/River/River_1439.jpg,8
train,datasets/eurosat/EuroSAT_RGB/River/River_1486.jpg,8
train,datasets/eurosat/EuroSAT_RGB/River/River_1491.jpg,8
train,datasets/eurosat/EuroSAT_RGB/River/River_1514.jpg,8
train,datasets/eurosat/EuroSAT_RGB/River/River_1576.jpg,8
train,datasets/eurosat/EuroSAT_RGB/River/River_1733.jpg,8
train,datasets/eurosat/EuroSAT_RGB/River/River_1924.jpg,8
train,datasets/eurosat/EuroSAT_RGB/River/River_203.jpg,8
train,datasets/eurosat/EuroSAT_RGB/River/River_2032.jpg,8
train,datasets/eurosat/EuroSAT_RGB/River/River_2100.jpg,8
train,datasets/eurosat/EuroSAT_RGB/River/River_2125.jpg,8
train,datasets/eurosat/EuroSAT_RGB/River/River_2130.jpg,8
train,datasets/eurosat/EuroSAT_RGB/River/River_2138.jpg,8
train,datasets/eurosat/EuroSAT_RGB/River/River_2169.jpg,8
train,datasets/eurosat/EuroSAT_RGB/River/River_2198.jpg,8
train,datasets/eurosat/EuroSAT_RGB/River/River_2254.jpg,8
train,datasets/eurosat/EuroSAT_RGB/River/River_2286.jpg,8
train,datasets/eurosat/EuroSAT_RGB/River/River_2331.jpg,8
train,datasets/eurosat/EuroSAT_RGB/River/River_2442.jpg,8
train,datasets/eurosat/EuroSAT_RGB/River/River_2452.jpg,8
train,datasets/eurosat/EuroSAT_RGB/River/River_246.jpg,8
train,datasets/eurosat/EuroSAT_RGB/River/River_2481.jpg,8
train,datasets/eurosat/EuroSAT_RGB/River/River_294.jpg,8
train,datasets/eurosat/EuroSAT_RGB/River/River_334.jpg,8
train,datasets/eurosat/EuroSAT_RGB/River/River_473.jpg,8
train,datasets/eurosat/EuroSAT_RGB/River/River_486.jpg,8
train,datasets/eurosat/EuroSAT_RGB/River/River_495.jpg,8
train,datasets/eurosat/EuroSAT_RGB/River/River_500.jpg,8
train,datasets/eurosat/EuroSAT_RGB/River/River_646.jpg,8
train,datasets/eurosat/EuroSAT_RGB/River/River_678.jpg,8
train,datasets/eurosat/EuroSAT_RGB/River/River_769.jpg,8
train,datasets/eurosat/EuroSAT_RGB/River/River_822.jpg,8
train,datasets/eurosat/EuroSAT_RGB/River/River_890.jpg,8
train,datasets/eurosat/EuroSAT_RGB/River/River_98.jpg,8
train,datasets/eurosat/EuroSAT_RGB/River/River_995.jpg,8
train,datasets/eurosat/EuroSAT_RGB/SeaLake/SeaLake_1011.jpg,9
train,datasets/eurosat/EuroSAT_RGB/SeaLake/SeaLake_1044.jpg,9
train,datasets/eurosat/EuroSAT_RGB/SeaLake/SeaLake_1112.jpg,9
train,datasets/eurosat/EuroSAT_RGB/SeaLake/SeaLake_1154.jpg,9
train,datasets/eurosat/EuroSAT_RGB/SeaLake/SeaLake_1169.jpg,9
train,datasets/eurosat/EuroSAT_RGB/SeaLake/SeaLake_1172.jpg,9
train,datasets/eurosat/EuroSAT_RGB/SeaLake/SeaLake_1190.jpg,9
train,datasets/eurosat/EuroSAT_RGB/SeaLake/SeaLake_1233.jpg,9
train,datasets/eurosat/EuroSAT_RGB/SeaLake/SeaLake_127.jpg,9
train,datasets/eurosat/EuroSAT_RGB/SeaLake/SeaLake_1409.jpg,9
train,datasets/eurosat/EuroSAT_RGB/SeaLake/SeaLake_1449.jpg,9
train,datasets/eurosat/EuroSAT_RGB/SeaLake/SeaLake_1494.jpg,9
train,datasets/eurosat/EuroSAT_RGB/SeaLake/SeaLake_1537.jpg,9
train,datasets/eurosat/EuroSAT_RGB/SeaLake/SeaLake_1557.jpg,9
train,datasets/eurosat/EuroSAT_RGB/SeaLake/SeaLake_1605.jpg,9
train,datasets/eurosat/EuroSAT_RGB/SeaLake/SeaLake_1615.jpg,9
train,datasets/eurosat/EuroSAT_RGB/SeaLake/SeaLake_1650.jpg,9
train,datasets/eurosat/EuroSAT_RGB/SeaLake/SeaLake_1749.jpg,9
train,datasets/eurosat/EuroSAT_RGB/SeaLake/SeaLake_1760.jpg,9
train,datasets/eurosat/EuroSAT_RGB/SeaLake/SeaLake_1858.jpg,9
train,datasets/eurosat/EuroSAT_RGB/SeaLake/SeaLake_186.jpg,9
train,datasets/eurosat/EuroSAT_RGB/SeaLake/SeaLake_1867.jpg,9
train,datasets/eurosat/EuroSAT_RGB/SeaLake/SeaLake_1882.jpg,9
train,datasets/eurosat/EuroSAT_RGB/SeaLake/SeaLake_1890.jpg,9
train,datasets/eurosat/EuroSAT_RGB/SeaLake/SeaLake_200.jpg,9
train,datasets/eurosat/EuroSAT_RGB/SeaLake/SeaLake_2031.jpg,9
train,datasets/eurosat/EuroSAT_RGB/SeaLake/SeaLake_2093.jpg,9
train,datasets/eurosat/EuroSAT_RGB/SeaLake/SeaLake_2281.jpg,9
train,datasets/eurosat/EuroSAT_RGB/SeaLake/SeaLake_2298.jpg,9
train,datasets/eurosat/EuroSAT_RGB/SeaLake/SeaLake_2321.jpg,9
train,datasets/eurosat/EuroSAT_RGB/SeaLake/SeaLake_2323.jpg,9
train,datasets/eurosat/EuroSAT_RGB/SeaLake/SeaLake_2423.jpg,9
train,datasets/eurosat/EuroSAT_RGB/SeaLake/SeaLake_2425.jpg,9
train,datasets/eurosat/EuroSAT_RGB/SeaLake/SeaLake_2451.jpg,9
train,datasets/eurosat/EuroSAT_RGB/SeaLake/SeaLake_2513.jpg,9
train,datasets/eurosat/EuroSAT_RGB/SeaLake/SeaLake_2632.jpg,9
train,datasets/eurosat/EuroSAT_RGB/SeaLake/SeaLake_2649.jpg,9
train,datasets/eurosat/EuroSAT_RGB/SeaLake/SeaLake_2671.jpg,9
train,datasets/eurosat/EuroSAT_RGB/SeaLake/SeaLake_2819.jpg,9
train,datasets/eurosat/EuroSAT_RGB/SeaLake/SeaLake_2958.jpg,9
train,datasets/eurosat/EuroSAT_RGB/SeaLake/SeaLake_348.jpg,9
train,datasets/eurosat/EuroSAT_RGB/SeaLake/SeaLake_418.jpg,9
train,datasets/eurosat/EuroSAT_RGB/SeaLake/SeaLake_511.jpg,9
train,datasets/eurosat/EuroSAT_RGB/SeaLake/SeaLake_576.jpg,9
train,datasets/eurosat/EuroSAT_RGB/SeaLake/SeaLake_603.jpg,9
train,datasets/eurosat/EuroSAT_RGB/SeaLake/SeaLake_615.jpg,9
train,datasets/eurosat/EuroSAT_RGB/SeaLake/SeaLake_621.jpg,9
train,datasets/eurosat/EuroSAT_RGB/SeaLake/SeaLake_636.jpg,9
train,datasets/eurosat/EuroSAT_RGB/SeaLake/SeaLake_686.jpg,9
train,datasets/eurosat/EuroSAT_RGB/SeaLake/SeaLake_712.jpg,9
train,datasets/eurosat/EuroSAT_RGB/SeaLake/SeaLake_873.jpg,9
train,datasets/eurosat/EuroSAT_RGB/SeaLake/SeaLake_918.jpg,9
train,datasets/eurosat/EuroSAT_RGB/SeaLake/SeaLake_944.jpg,9
train,datasets/eurosat/EuroSAT_RGB/SeaLake/SeaLake_949.jpg,9
train,datasets/eurosat/EuroSAT_RGB/SeaLake/SeaLake_954.jpg,9
train,datasets/eurosat/EuroSAT_RGB/SeaLake/SeaLake_979.jpg,9
val,datasets/eurosat/EuroSAT_RGB/AnnualCrop/AnnualCrop_1079.jpg,0
val,datasets/eurosat/EuroSAT_RGB/AnnualCrop/AnnualCrop_1477.jpg,0
val,datasets/eurosat/EuroSAT_RGB/AnnualCrop/AnnualCrop_1930.jpg,0
val,datasets/eurosat/EuroSAT_RGB/AnnualCrop/AnnualCrop_1973.jpg,0
val,datasets/eurosat/EuroSAT_RGB/AnnualCrop/AnnualCrop_220.jpg,0
val,datasets/eurosat/EuroSAT_RGB/AnnualCrop/AnnualCrop_2442.jpg,0
val,datasets/eurosat/EuroSAT_RGB/AnnualCrop/AnnualCrop_2496.jpg,0
val,datasets/eurosat/EuroSAT_RGB/AnnualCrop/AnnualCrop_2662.jpg,0
val,datasets/eurosat/EuroSAT_RGB/AnnualCrop/AnnualCrop_2823.jpg,0
val,datasets/eurosat/EuroSAT_RGB/AnnualCrop/AnnualCrop_2831.jpg,0
val,datasets/eurosat/EuroSAT_RGB/AnnualCrop/AnnualCrop_2914.jpg,0
val,datasets/eurosat/EuroSAT_RGB/AnnualCrop/AnnualCrop_328.jpg,0
val,datasets/eurosat/EuroSAT_RGB/AnnualCrop/AnnualCrop_507.jpg,0
val,datasets/eurosat/EuroSAT_RGB/AnnualCrop/AnnualCrop_513.jpg,0
val,datasets/eurosat/EuroSAT_RGB/AnnualCrop/AnnualCrop_699.jpg,0
val,datasets/eurosat/EuroSAT_RGB/AnnualCrop/AnnualCrop_794.jpg,0
val,datasets/eurosat/EuroSAT_RGB/AnnualCrop/AnnualCrop_872.jpg,0
val,datasets/eurosat/EuroSAT_RGB/Forest/Forest_1059.jpg,1
val,datasets/eurosat/EuroSAT_RGB/Forest/Forest_1072.jpg,1
val,datasets/eurosat/EuroSAT_RGB/Forest/Forest_1136.jpg,1
val,datasets/eurosat/EuroSAT_RGB/Forest/Forest_1179.jpg,1
val,datasets/eurosat/EuroSAT_RGB/Forest/Forest_1370.jpg,1
val,datasets/eurosat/EuroSAT_RGB/Forest/Forest_2041.jpg,1
val,datasets/eurosat/EuroSAT_RGB/Forest/Forest_2183.jpg,1
val,datasets/eurosat/EuroSAT_RGB/Forest/Forest_2510.jpg,1
val,datasets/eurosat/EuroSAT_RGB/Forest/Forest_2799.jpg,1
val,datasets/eurosat/EuroSAT_RGB/Forest/Forest_2840.jpg,1
val,datasets/eurosat/EuroSAT_RGB/Forest/Forest_345.jpg,1
val,datasets/eurosat/EuroSAT_RGB/Forest/Forest_546.jpg,1
val,datasets/eurosat/EuroSAT_RGB/Forest/Forest_590.jpg,1
val,datasets/eurosat/EuroSAT_RGB/Forest/Forest_603.jpg,1
val,datasets/eurosat/EuroSAT_RGB/Forest/Forest_867.jpg,1
val,datasets/eurosat/EuroSAT_RGB/Forest/Forest_967.jpg,1
val,datasets/eurosat/EuroSAT_RGB/HerbaceousVegetation/HerbaceousVegetation_1068.jpg,2
val,datasets/eurosat/EuroSAT_RGB/HerbaceousVegetation/HerbaceousVegetation_1214.jpg,2
val,datasets/eurosat/EuroSAT_RGB/HerbaceousVegetation/HerbaceousVegetation_146.jpg,2
val,datasets/eurosat/EuroSAT_RGB/HerbaceousVegetation/HerbaceousVegetation_1654.jpg,2
val,datasets/eurosat/EuroSAT_RGB/HerbaceousVegetation/HerbaceousVegetation_1929.jpg,2
val,datasets/eurosat/EuroSAT_RGB/HerbaceousVegetation/HerbaceousVegetation_196.jpg,2
val,datasets/eurosat/EuroSAT_RGB/HerbaceousVegetation/HerbaceousVegetation_2018.jpg,2
val,datasets/eurosat/EuroSAT_RGB/HerbaceousVegetation/HerbaceousVegetation_2049.jpg,2
val,datasets/eurosat/EuroSAT_RGB/HerbaceousVegetation/HerbaceousVegetation_2393.jpg,2
val,datasets/eurosat/EuroSAT_RGB/HerbaceousVegetation/HerbaceousVegetation_2409.jpg,2
val,datasets/eurosat/EuroSAT_RGB/HerbaceousVegetation/HerbaceousVegetation_2773.jpg,2
val,datasets/eurosat/EuroSAT_RGB/HerbaceousVegetation/HerbaceousVegetation_2932.jpg,2
val,datasets/eurosat/EuroSAT_RGB/HerbaceousVegetation/HerbaceousVegetation_643.jpg,2
val,datasets/eurosat/EuroSAT_RGB/HerbaceousVegetation/HerbaceousVegetation_685.jpg,2
val,datasets/eurosat/EuroSAT_RGB/HerbaceousVegetation/HerbaceousVegetation_804.jpg,2
val,datasets/eurosat/EuroSAT_RGB/HerbaceousVegetation/HerbaceousVegetation_907.jpg,2
val,datasets/eurosat/EuroSAT_RGB/HerbaceousVegetation/HerbaceousVegetation_992.jpg,2
val,datasets/eurosat/EuroSAT_RGB/Highway/Highway_1250.jpg,3
val,datasets/eurosat/EuroSAT_RGB/Highway/Highway_1309.jpg,3
val,datasets/eurosat/EuroSAT_RGB/Highway/Highway_1691.jpg,3
val,datasets/eurosat/EuroSAT_RGB/Highway/Highway_1770.jpg,3
val,datasets/eurosat/EuroSAT_RGB/Highway/Highway_1818.jpg,3
val,datasets/eurosat/EuroSAT_RGB/Highway/Highway_1962.jpg,3
val,datasets/eurosat/EuroSAT_RGB/Highway/Highway_2041.jpg,3
val,datasets/eurosat/EuroSAT_RGB/Highway/Highway_2069.jpg,3
val,datasets/eurosat/EuroSAT_RGB/Highway/Highway_2172.jpg,3
val,datasets/eurosat/EuroSAT_RGB/Highway/Highway_2182.jpg,3
val,datasets/eurosat/EuroSAT_RGB/Highway/Highway_2211.jpg,3
val,datasets/eurosat/EuroSAT_RGB/Highway/Highway_2214.jpg,3
val,datasets/eurosat/EuroSAT_RGB/Highway/Highway_2304.jpg,3
val,datasets/eurosat/EuroSAT_RGB/Highway/Highway_894.jpg,3
val,datasets/eurosat/EuroSAT_RGB/Industrial/Industrial_1086.jpg,4
val,datasets/eurosat/EuroSAT_RGB/Industrial/Industrial_1432.jpg,4
val,datasets/eurosat/EuroSAT_RGB/Industrial/Industrial_1456.jpg,4
val,datasets/eurosat/EuroSAT_RGB/Industrial/Industrial_1522.jpg,4
val,datasets/eurosat/EuroSAT_RGB/Industrial/Industrial_1627.jpg,4
val,datasets/eurosat/EuroSAT_RGB/Industrial/Industrial_1770.jpg,4
val,datasets/eurosat/EuroSAT_RGB/Industrial/Industrial_1773.jpg,4
val,datasets/eurosat/EuroSAT_RGB/Industrial/Industrial_210.jpg,4
val,datasets/eurosat/EuroSAT_RGB/Industrial/Industrial_2337.jpg,4
val,datasets/eurosat/EuroSAT_RGB/Industrial/Industrial_2359.jpg,4
val,datasets/eurosat/EuroSAT_RGB/Industrial/Industrial_362.jpg,4
val,datasets/eurosat/EuroSAT_RGB/Industrial/Industrial_503.jpg,4
val,datasets/eurosat/EuroSAT_RGB/Industrial/Industrial_79.jpg,4
val,datasets/eurosat/EuroSAT_RGB/Industrial/Industrial_835.jpg,4
val,datasets/eurosat/EuroSAT_RGB/Pasture/Pasture_1001.jpg,5
val,datasets/eurosat/EuroSAT_RGB/Pasture/Pasture_1043.jpg,5
val,datasets/eurosat/EuroSAT_RGB/Pasture/Pasture_1149.jpg,5
val,datasets/eurosat/EuroSAT_RGB/Pasture/Pasture_1157.jpg,5
val,datasets/eurosat/EuroSAT_RGB/Pasture/Pasture_1455.jpg,5
val,datasets/eurosat/EuroSAT_RGB/Pasture/Pasture_1471.jpg,5
val,datasets/eurosat/EuroSAT_RGB/Pasture/Pasture_1493.jpg,5
val,datasets/eurosat/EuroSAT_RGB/Pasture/Pasture_301.jpg,5
val,datasets/eurosat/EuroSAT_RGB/Pasture/Pasture_310.jpg,5
val,datasets/eurosat/EuroSAT_RGB/Pasture/Pasture_481.jpg,5
val,datasets/eurosat/EuroSAT_RGB/Pasture/Pasture_661.jpg,5
val,datasets/eurosat/EuroSAT_RGB/PermanentCrop/PermanentCrop_1107.jpg,6
val,datasets/eurosat/EuroSAT_RGB/PermanentCrop/PermanentCrop_1151.jpg,6
val,datasets/eurosat/EuroSAT_RGB/PermanentCrop/PermanentCrop_1235.jpg,6
val,datasets/eurosat/EuroSAT_RGB/PermanentCrop/PermanentCrop_1254.jpg,6
val,datasets/eurosat/EuroSAT_RGB/PermanentCrop/PermanentCrop_143.jpg,6
val,datasets/eurosat/EuroSAT_RGB/PermanentCrop/PermanentCrop_1454.jpg,6
val,datasets/eurosat/EuroSAT_RGB/PermanentCrop/PermanentCrop_1523.jpg,6
val,datasets/eurosat/EuroSAT_RGB/PermanentCrop/PermanentCrop_1712.jpg,6
val,datasets/eurosat/EuroSAT_RGB/PermanentCrop/PermanentCrop_1832.jpg,6
val,datasets/eurosat/EuroSAT_RGB/PermanentCrop/PermanentCrop_294.jpg,6
val,datasets/eurosat/EuroSAT_RGB/PermanentCrop/PermanentCrop_437.jpg,6
val,datasets/eurosat/EuroSAT_RGB/PermanentCrop/PermanentCrop_489.jpg,6
val,datasets/eurosat/EuroSAT_RGB/PermanentCrop/PermanentCrop_851.jpg,6
val,datasets/eurosat/EuroSAT_RGB/PermanentCrop/PermanentCrop_947.jpg,6
val,datasets/eurosat/EuroSAT_RGB/Residential/Residential_1000.jpg,7
val,datasets/eurosat/EuroSAT_RGB/Residential/Residential_1191.jpg,7
val,datasets/eurosat/EuroSAT_RGB/Residential/Residential_1282.jpg,7
val,datasets/eurosat/EuroSAT_RGB/Residential/Residential_1520.jpg,7
val,datasets/eurosat/EuroSAT_RGB/Residential/Residential_1757.jpg,7
val,datasets/eurosat/EuroSAT_RGB/Residential/Residential_178.jpg,7
val,datasets/eurosat/EuroSAT_RGB/Residential/Residential_1798.jpg,7
val,datasets/eurosat/EuroSAT_RGB/Residential/Residential_218.jpg,7
val,datasets/eurosat/EuroSAT_RGB/Residential/Residential_2209.jpg,7
val,datasets/eurosat/EuroSAT_RGB/Residential/Residential_256.jpg,7
val,datasets/eurosat/EuroSAT_RGB/Residential/Residential_2577.jpg,7
val,datasets/eurosat/EuroSAT_RGB/Residential/Residential_2639.jpg,7
val,datasets/eurosat/EuroSAT_RGB/Residential/Residential_2641.jpg,7
val,datasets/eurosat/EuroSAT_RGB/Residential/Residential_284.jpg,7
val,datasets/eurosat/EuroSAT_RGB/Residential/Residential_333.jpg,7
val,datasets/eurosat/EuroSAT_RGB/Residential/Residential_427.jpg,7
val,datasets/eurosat/EuroSAT_RGB/Residential/Residential_572.jpg,7
val,datasets/eurosat/EuroSAT_RGB/River/River_1337.jpg,8
val,datasets/eurosat/EuroSAT_RGB/River/River_144.jpg,8
val,datasets/eurosat/EuroSAT_RGB/River/River_1496.jpg,8
val,datasets/eurosat/EuroSAT_RGB/River/River_1701.jpg,8
val,datasets/eurosat/EuroSAT_RGB/River/River_1723.jpg,8
val,datasets/eurosat/EuroSAT_RGB/River/River_1773.jpg,8
val,datasets/eurosat/EuroSAT_RGB/River/River_2194.jpg,8
val,datasets/eurosat/EuroSAT_RGB/River/River_2300.jpg,8
val,datasets/eurosat/EuroSAT_RGB/River/River_2343.jpg,8
val,datasets/eurosat/EuroSAT_RGB/River/River_2353.jpg,8
val,datasets/eurosat/EuroSAT_RGB/River/River_391.jpg,8
val,datasets/eurosat/EuroSAT_RGB/River/River_673.jpg,8
val,datasets/eurosat/EuroSAT_RGB/River/River_858.jpg,8
val,datasets/eurosat/EuroSAT_RGB/River/River_90.jpg,8
val,datasets/eurosat/EuroSAT_RGB/SeaLake/SeaLake_1161.jpg,9
val,datasets/eurosat/EuroSAT_RGB/SeaLake/SeaLake_1232.jpg,9
val,datasets/eurosat/EuroSAT_RGB/SeaLake/SeaLake_1432.jpg,9
val,datasets/eurosat/EuroSAT_RGB/SeaLake/SeaLake_1548.jpg,9
val,datasets/eurosat/EuroSAT_RGB/SeaLake/SeaLake_1644.jpg,9
val,datasets/eurosat/EuroSAT_RGB/SeaLake/SeaLake_1787.jpg,9
val,datasets/eurosat/EuroSAT_RGB/SeaLake/SeaLake_1815.jpg,9
val,datasets/eurosat/EuroSAT_RGB/SeaLake/SeaLake_2047.jpg,9
val,datasets/eurosat/EuroSAT_RGB/SeaLake/SeaLake_2217.jpg,9
val,datasets/eurosat/EuroSAT_RGB/SeaLake/SeaLake_24.jpg,9
val,datasets/eurosat/EuroSAT_RGB/SeaLake/SeaLake_2435.jpg,9
val,datasets/eurosat/EuroSAT_RGB/SeaLake/SeaLake_2775.jpg,9
val,datasets/eurosat/EuroSAT_RGB/SeaLake/SeaLake_2808.jpg,9
val,datasets/eurosat/EuroSAT_RGB/SeaLake/SeaLake_332.jpg,9
val,datasets/eurosat/EuroSAT_RGB/SeaLake/SeaLake_948.jpg,9
val,datasets/eurosat/EuroSAT_RGB/SeaLake/SeaLake_975.jpg,9
test,datasets/eurosat/EuroSAT_RGB/AnnualCrop/AnnualCrop_1321.jpg,0
test,datasets/eurosat/EuroSAT_RGB/AnnualCrop/AnnualCrop_179.jpg,0
test,datasets/eurosat/EuroSAT_RGB/AnnualCrop/AnnualCrop_1857.jpg,0
test,datasets/eurosat/EuroSAT_RGB/AnnualCrop/AnnualCrop_1968.jpg,0
test,datasets/eurosat/EuroSAT_RGB/AnnualCrop/AnnualCrop_2014.jpg,0
test,datasets/eurosat/EuroSAT_RGB/AnnualCrop/AnnualCrop_2387.jpg,0
test,datasets/eurosat/EuroSAT_RGB/AnnualCrop/AnnualCrop_2467.jpg,0
test,datasets/eurosat/EuroSAT_RGB/AnnualCrop/AnnualCrop_267.jpg,0
test,datasets/eurosat/EuroSAT_RGB/AnnualCrop/AnnualCrop_2714.jpg,0
test,datasets/eurosat/EuroSAT_RGB/AnnualCrop/AnnualCrop_2716.jpg,0
test,datasets/eurosat/EuroSAT_RGB/AnnualCrop/AnnualCrop_2860.jpg,0
test,datasets/eurosat/EuroSAT_RGB/AnnualCrop/AnnualCrop_2866.jpg,0
test,datasets/eurosat/EuroSAT_RGB/AnnualCrop/AnnualCrop_337.jpg,0
test,datasets/eurosat/EuroSAT_RGB/AnnualCrop/AnnualCrop_44.jpg,0
test,datasets/eurosat/EuroSAT_RGB/AnnualCrop/AnnualCrop_581.jpg,0
test,datasets/eurosat/EuroSAT_RGB/AnnualCrop/AnnualCrop_79.jpg,0
test,datasets/eurosat/EuroSAT_RGB/AnnualCrop/AnnualCrop_802.jpg,0
test,datasets/eurosat/EuroSAT_RGB/Forest/Forest_1162.jpg,1
test,datasets/eurosat/EuroSAT_RGB/Forest/Forest_1172.jpg,1
test,datasets/eurosat/EuroSAT_RGB/Forest/Forest_1192.jpg,1
test,datasets/eurosat/EuroSAT_RGB/Forest/Forest_132.jpg,1
test,datasets/eurosat/EuroSAT_RGB/Forest/Forest_1556.jpg,1
test,datasets/eurosat/EuroSAT_RGB/Forest/Forest_1599.jpg,1
test,datasets/eurosat/EuroSAT_RGB/Forest/Forest_1945.jpg,1
test,datasets/eurosat/EuroSAT_RGB/Forest/Forest_2358.jpg,1
test,datasets/eurosat/EuroSAT_RGB/Forest/Forest_2374.jpg,1
test,datasets/eurosat/EuroSAT_RGB/Forest/Forest_24.jpg,1
test,datasets/eurosat/EuroSAT_RGB/Forest/Forest_266.jpg,1
test,datasets/eurosat/EuroSAT_RGB/Forest/Forest_2669.jpg,1
test,datasets/eurosat/EuroSAT_RGB/Forest/Forest_2890.jpg,1
test,datasets/eurosat/EuroSAT_RGB/Forest/Forest_485.jpg,1
test,datasets/eurosat/EuroSAT_RGB/Forest/Forest_55.jpg,1
test,datasets/eurosat/EuroSAT_RGB/Forest/Forest_81.jpg,1
test,datasets/eurosat/EuroSAT_RGB/Forest/Forest_972.jpg,1
test,datasets/eurosat/EuroSAT_RGB/HerbaceousVegetation/HerbaceousVegetation_1097.jpg,2
test,datasets/eurosat/EuroSAT_RGB/HerbaceousVegetation/HerbaceousVegetation_1251.jpg,2
test,datasets/eurosat/EuroSAT_RGB/HerbaceousVegetation/HerbaceousVegetation_1303.jpg,2
test,datasets/eurosat/EuroSAT_RGB/HerbaceousVegetation/HerbaceousVegetation_1429.jpg,2
test,datasets/eurosat/EuroSAT_RGB/HerbaceousVegetation/HerbaceousVegetation_1599.jpg,2
test,datasets/eurosat/EuroSAT_RGB/HerbaceousVegetation/HerbaceousVegetation_1620.jpg,2
test,datasets/eurosat/EuroSAT_RGB/HerbaceousVegetation/HerbaceousVegetation_1869.jpg,2
test,datasets/eurosat/EuroSAT_RGB/HerbaceousVegetation/HerbaceousVegetation_203.jpg,2
test,datasets/eurosat/EuroSAT_RGB/HerbaceousVegetation/HerbaceousVegetation_2245.jpg,2
test,datasets/eurosat/EuroSAT_RGB/HerbaceousVegetation/HerbaceousVegetation_2372.jpg,2
test,datasets/eurosat/EuroSAT_RGB/HerbaceousVegetation/HerbaceousVegetation_2543.jpg,2
test,datasets/eurosat/EuroSAT_RGB/HerbaceousVegetation/HerbaceousVegetation_2664.jpg,2
test,datasets/eurosat/EuroSAT_RGB/HerbaceousVegetation/HerbaceousVegetation_344.jpg,2
test,datasets/eurosat/EuroSAT_RGB/HerbaceousVegetation/HerbaceousVegetation_527.jpg,2
test,datasets/eurosat/EuroSAT_RGB/HerbaceousVegetation/HerbaceousVegetation_609.jpg,2
test,datasets/eurosat/EuroSAT_RGB/HerbaceousVegetation/HerbaceousVegetation_66.jpg,2
test,datasets/eurosat/EuroSAT_RGB/HerbaceousVegetation/HerbaceousVegetation_719.jpg,2
test,datasets/eurosat/EuroSAT_RGB/Highway/Highway_1258.jpg,3
test,datasets/eurosat/EuroSAT_RGB/Highway/Highway_128.jpg,3
test,datasets/eurosat/EuroSAT_RGB/Highway/Highway_1297.jpg,3
test,datasets/eurosat/EuroSAT_RGB/Highway/Highway_1419.jpg,3
test,datasets/eurosat/EuroSAT_RGB/Highway/Highway_1457.jpg,3
test,datasets/eurosat/EuroSAT_RGB/Highway/Highway_1476.jpg,3
test,datasets/eurosat/EuroSAT_RGB/Highway/Highway_1600.jpg,3
test,datasets/eurosat/EuroSAT_RGB/Highway/Highway_1703.jpg,3
test,datasets/eurosat/EuroSAT_RGB/Highway/Highway_2065.jpg,3
test,datasets/eurosat/EuroSAT_RGB/Highway/Highway_2338.jpg,3
test,datasets/eurosat/EuroSAT_RGB/Highway/Highway_2362.jpg,3
test,datasets/eurosat/EuroSAT_RGB/Highway/Highway_648.jpg,3
test,datasets/eurosat/EuroSAT_RGB/Highway/Highway_670.jpg,3
test,datasets/eurosat/EuroSAT_RGB/Highway/Highway_93.jpg,3
test,datasets/eurosat/EuroSAT_RGB/Industrial/Industrial_1068.jpg,4
test,datasets/eurosat/EuroSAT_RGB/Industrial/Industrial_1073.jpg,4
test,datasets/eurosat/EuroSAT_RGB/Industrial/Industrial_1290.jpg,4
test,datasets/eurosat/EuroSAT_RGB/Industrial/Industrial_1315.jpg,4
test,datasets/eurosat/EuroSAT_RGB/Industrial/Industrial_1504.jpg,4
test,datasets/eurosat/EuroSAT_RGB/Industrial/Industrial_1527.jpg,4
test,datasets/eurosat/EuroSAT_RGB/Industrial/Industrial_1712.jpg,4
test,datasets/eurosat/EuroSAT_RGB/Industrial/Industrial_174.jpg,4
test,datasets/eurosat/EuroSAT_RGB/Industrial/Industrial_2027.jpg,4
test,datasets/eurosat/EuroSAT_RGB/Industrial/Industrial_2084.jpg,4
test,datasets/eurosat/EuroSAT_RGB/Industrial/Industrial_500.jpg,4
test,datasets/eurosat/EuroSAT_RGB/Industrial/Industrial_624.jpg,4
test,datasets/eurosat/EuroSAT_RGB/Industrial/Industrial_797.jpg,4
test,datasets/eurosat/EuroSAT_RGB/Industrial/Industrial_824.jpg,4
test,datasets/eurosat/EuroSAT_RGB/Pasture/Pasture_106.jpg,5
test,datasets/eurosat/EuroSAT_RGB/Pasture/Pasture_1395.jpg,5
test,datasets/eurosat/EuroSAT_RGB/Pasture/Pasture_1402.jpg,5
test,datasets/eurosat/EuroSAT_RGB/Pasture/Pasture_1651.jpg,5
test,datasets/eurosat/EuroSAT_RGB/Pasture/Pasture_1812.jpg,5
test,datasets/eurosat/EuroSAT_RGB/Pasture/Pasture_1915.jpg,5
test,datasets/eurosat/EuroSAT_RGB/Pasture/Pasture_1939.jpg,5
test,datasets/eurosat/EuroSAT_RGB/Pasture/Pasture_654.jpg,5
test,datasets/eurosat/EuroSAT_RGB/Pasture/Pasture_707.jpg,5
test,datasets/eurosat/EuroSAT_RGB/Pasture/Pasture_796.jpg,5
test,datasets/eurosat/EuroSAT_RGB/Pasture/Pasture_896.jpg,5
test,datasets/eurosat/EuroSAT_RGB/PermanentCrop/PermanentCrop_1009.jpg,6
test,datasets/eurosat/EuroSAT_RGB/PermanentCrop/PermanentCrop_1286.jpg,6
test,datasets/eurosat/EuroSAT_RGB/PermanentCrop/PermanentCrop_1383.jpg,6
test,datasets/eurosat/EuroSAT_RGB/PermanentCrop/PermanentCrop_1421.jpg,6
test,datasets/eurosat/EuroSAT_RGB/PermanentCrop/PermanentCrop_1508.jpg,6
test,datasets/eurosat/EuroSAT_RGB/PermanentCrop/PermanentCrop_1650.jpg,6
test,datasets/eurosat/EuroSAT_RGB/PermanentCrop/PermanentCrop_1676.jpg,6
test,datasets/eurosat/EuroSAT_RGB/PermanentCrop/PermanentCrop_1809.jpg,6
test,datasets/eurosat/EuroSAT_RGB/PermanentCrop/PermanentCrop_2011.jpg,6
test,datasets/eurosat/EuroSAT_RGB/PermanentCrop/PermanentCrop_2252.jpg,6
test,datasets/eurosat/EuroSAT_RGB/PermanentCrop/PermanentCrop_251.jpg,6
test,datasets/eurosat/EuroSAT_RGB/PermanentCrop/PermanentCrop_400.jpg,6
test,datasets/eurosat/EuroSAT_RGB/PermanentCrop/PermanentCrop_617.jpg,6
test,datasets/eurosat/EuroSAT_RGB/PermanentCrop/PermanentCrop_730.jpg,6
test,datasets/eurosat/EuroSAT_RGB/Residential/Residential_1116.jpg,7
test,datasets/eurosat/EuroSAT_RGB/Residential/Residential_1208.jpg,7
test,datasets/eurosat/EuroSAT_RGB/Residential/Residential_1561.jpg,7
test,datasets/eurosat/EuroSAT_RGB/Residential/Residential_1604.jpg,7
test,datasets/eurosat/EuroSAT_RGB/Residential/Residential_1643.jpg,7
test,datasets/eurosat/EuroSAT_RGB/Residential/Residential_1706.jpg,7
test,datasets/eurosat/EuroSAT_RGB/Residential/Residential_1942.jpg,7
test,datasets/eurosat/EuroSAT_RGB/Residential/Residential_2050.jpg,7
test,datasets/eurosat/EuroSAT_RGB/Residential/Residential_2065.jpg,7
test,datasets/eurosat/EuroSAT_RGB/Residential/Residential_2073.jpg,7
test,datasets/eurosat/EuroSAT_RGB/Residential/Residential_2564.jpg,7
test,datasets/eurosat/EuroSAT_RGB/Residential/Residential_2780.jpg,7
test,datasets/eurosat/EuroSAT_RGB/Residential/Residential_2862.jpg,7
test,datasets/eurosat/EuroSAT_RGB/Residential/Residential_2976.jpg,7
test,datasets/eurosat/EuroSAT_RGB/Residential/Residential_766.jpg,7
test,datasets/eurosat/EuroSAT_RGB/Residential/Residential_873.jpg,7
test,datasets/eurosat/EuroSAT_RGB/River/River_1213.jpg,8
test,datasets/eurosat/EuroSAT_RGB/River/River_1260.jpg,8
test,datasets/eurosat/EuroSAT_RGB/River/River_1349.jpg,8
test,datasets/eurosat/EuroSAT_RGB/River/River_1476.jpg,8
test,datasets/eurosat/EuroSAT_RGB/River/River_1572.jpg,8
test,datasets/eurosat/EuroSAT_RGB/River/River_1753.jpg,8
test,datasets/eurosat/EuroSAT_RGB/River/River_2005.jpg,8
test,datasets/eurosat/EuroSAT_RGB/River/River_2133.jpg,8
test,datasets/eurosat/EuroSAT_RGB/River/River_2273.jpg,8
test,datasets/eurosat/EuroSAT_RGB/River/River_360.jpg,8
test,datasets/eurosat/EuroSAT_RGB/River/River_534.jpg,8
test,datasets/eurosat/EuroSAT_RGB/River/River_580.jpg,8
test,datasets/eurosat/EuroSAT_RGB/River/River_718.jpg,8
test,datasets/eurosat/EuroSAT_RGB/River/River_901.jpg,8
test,datasets/eurosat/EuroSAT_RGB/SeaLake/SeaLake_1113.jpg,9
test,datasets/eurosat/EuroSAT_RGB/SeaLake/SeaLake_1738.jpg,9
test,datasets/eurosat/EuroSAT_RGB/SeaLake/SeaLake_1746.jpg,9
test,datasets/eurosat/EuroSAT_RGB/SeaLake/SeaLake_1853.jpg,9
test,datasets/eurosat/EuroSAT_RGB/SeaLake/SeaLake_1956.jpg,9
test,datasets/eurosat/EuroSAT_RGB/SeaLake/SeaLake_2023.jpg,9
test,datasets/eurosat/EuroSAT_RGB/SeaLake/SeaLake_2211.jpg,9
test,datasets/eurosat/EuroSAT_RGB/SeaLake/SeaLake_2420.jpg,9
test,datasets/eurosat/EuroSAT_RGB/SeaLake/SeaLake_258.jpg,9
test,datasets/eurosat/EuroSAT_RGB/SeaLake/SeaLake_287.jpg,9
test,datasets/eurosat/EuroSAT_RGB/SeaLake/SeaLake_357.jpg,9
test,datasets/eurosat/EuroSAT_RGB/SeaLake/SeaLake_398.jpg,9
test,datasets/eurosat/EuroSAT_RGB/SeaLake/SeaLake_47.jpg,9
test,datasets/eurosat/EuroSAT_RGB/SeaLake/SeaLake_543.jpg,9
test,datasets/eurosat/EuroSAT_RGB/SeaLake/SeaLake_657.jpg,9
test,datasets/eurosat/EuroSAT_RGB/SeaLake/SeaLake_96.jpg,9
