target_date,actual_close,predicted_close,naive_close
2024-05-14,187.42999267578125,184.13852497042956,186.27999877929688
2024-05-15,189.72000122070312,184.44664878175342,187.42999267578125
2024-05-16,189.83999633789062,185.94429565905864,189.72000122070312
2024-05-17,189.8699951171875,186.59313891665516,189.83999633789062
2024-05-20,191.0399932861328,186.42874055261612,189.8699951171875
2024-05-21,192.35000610351562,186.62067226395556,191.0399932861328
2024-05-22,190.89999389648438,187.78696836307952,192.35000610351562
2024-05-23,186.8800048828125,187.20246884305936,190.89999389648438
2024-05-24,189.97999572753906,185.84404632922488,186.8800048828125
2024-05-28,189.99000549316406,185.7655465112561,189.97999572753906
2024-05-29,190.2899932861328,187.16972431729738,189.99000549316406
2024-05-30,191.2899932861328,186.5445546989978,190.2899932861328
2024-05-31,192.25,187.50446522476358,191.2899932861328
2024-06-03,194.02999877929688,188.39753522854716,192.25
2024-06-04,194.35000610351562,188.9655880402797,194.02999877929688
2024-06-05,195.8699951171875,189.48017759693812,194.35000610351562
2024-06-06,194.47999572753906,190.92444139114554,195.8699951171875
2024-06-07,196.88999938964844,190.35922895800303,194.47999572753906
2024-06-10,193.1199951171875,190.7202090080088,196.88999938964844
2024-06-11,207.14999389648438,191.39001151084648,193.1199951171875
2024-06-12,213.07000732421875,193.99459286537137,207.14999389648438
2024-06-13,214.24000549316406,198.19152710752883,213.07000732421875
2024-06-14,212.49000549316406,197.12301791325126,214.24000549316406
2024-06-17,216.6699981689453,200.60304288990613,212.49000549316406
2024-06-18,214.2899932861328,204.51740527491074,216.6699981689453
2024-06-20,209.67999267578125,203.17730778423788,214.2899932861328
2024-06-21,207.49000549316406,201.17023671617795,209.67999267578125
2024-06-24,208.13999938964844,199.50032316801367,207.49000549316406
2024-06-25,209.07000732421875,195.77186814298406,208.13999938964844
2024-06-26,213.25,197.27220650806618,209.07000732421875
2024-06-27,214.10000610351562,201.7345214450229,213.25
2024-06-28,210.6199951171875,202.32388854932037,214.10000610351562
2024-07-01,216.75,201.58845955728498,210.6199951171875
2024-07-02,220.27000427246094,201.64222059398548,216.75
2024-07-03,221.5500030517578,204.00591951905034,220.27000427246094
2024-07-05,226.33999633789062,203.83976882467147,221.5500030517578
2024-07-08,227.82000732421875,207.1958021133587,226.33999633789062
2024-07-09,228.67999267578125,207.5930084435272,227.82000732421875
2024-07-10,232.97999572753906,207.66916036790337,228.67999267578125
2024-07-11,227.57000732421875,209.7679252706085,232.97999572753906
2024-07-12,230.5399932861328,209.2725655351303,227.57000732421875
2024-07-15,234.39999389648438,208.4722086954053,230.5399932861328
2024-07-16,234.82000732421875,211.20808884088348,234.39999389648438
2024-07-17,228.8800048828125,209.97786131720426,234.82000732421875
2024-07-18,224.17999267578125,209.44438553354985,228.8800048828125
2024-07-19,224.30999755859375,208.30012527477777,224.17999267578125
2024-07-22,223.9600067138672,206.73183543318436,224.30999755859375
2024-07-23,225.00999450683594,207.2100956314248,223.9600067138672
2024-07-24,218.5399932861328,206.2761608259907,225.00999450683594
2024-07-25,217.49000549316406,206.2811773010812,218.5399932861328
2024-07-26,217.9600067138672,203.47939579105793,217.49000549316406
2024-07-29,218.24000549316406,203.60267738437796,217.9600067138672
2024-07-30,218.8000030517578,203.19483108763626,218.24000549316406
2024-07-31,222.0800018310547,203.99920797931736,218.8000030517578
2024-08-01,218.36000061035156,205.41083032601807,222.0800018310547
2024-08-02,219.86000061035156,205.4536192551006,218.36000061035156
2024-08-05,209.27000427246094,206.24090806268345,219.86000061035156
2024-08-06,207.22999572753906,198.20744697140051,209.27000427246094
2024-08-07,209.82000732421875,195.89464579816718,207.22999572753906
2024-08-08,213.30999755859375,199.40290276363044,209.82000732421875
2024-08-09,216.24000549316406,201.00515116377034,213.30999755859375
2024-08-12,217.52999877929688,201.38743405320156,216.24000549316406
2024-08-13,221.27000427246094,202.38708697294913,217.52999877929688
2024-08-14,221.72000122070312,204.42602067503145,221.27000427246094
2024-08-15,224.72000122070312,204.7192783113154,221.72000122070312
2024-08-16,226.0500030517578,206.22040694302132,224.72000122070312
2024-08-19,225.88999938964844,206.64775793629076,226.0500030517578
2024-08-20,226.50999450683594,206.7006141749727,225.88999938964844
2024-08-21,226.39999389648438,206.4921555833693,226.50999450683594
2024-08-22,224.52999877929688,207.15371182578423,226.39999389648438
2024-08-23,226.83999633789062,207.15514346821874,224.52999877929688
2024-08-26,227.17999267578125,206.61539136413148,226.83999633789062
2024-08-27,228.02999877929688,206.46717628617205,227.17999267578125
2024-08-28,226.49000549316406,207.05584474896148,228.02999877929688
2024-08-29,229.7899932861328,207.34263136144148,226.49000549316406
2024-08-30,229.0,208.7479888408488,229.7899932861328
2024-09-03,222.77000427246094,208.7089794477934,229.0
2024-09-04,220.85000610351562,206.93870203840055,222.77000427246094
2024-09-05,222.3800048828125,204.87892362247192,220.85000610351562
2024-09-06,220.82000732421875,205.67045009166094,222.3800048828125
2024-09-09,220.91000366210938,205.68823681726724,220.82000732421875
2024-09-10,220.11000061035156,205.71346808353292,220.91000366210938
2024-09-11,222.66000366210938,204.3283368484403,220.11000061035156
2024-09-12,222.77000427246094,204.7319569367154,222.66000366210938
2024-09-13,222.5,205.28910635966673,222.77000427246094
2024-09-16,216.32000732421875,205.84272821565952,222.5
2024-09-17,216.7899932861328,204.14496063228944,216.32000732421875
2024-09-18,220.69000244140625,202.91813469103465,216.7899932861328
2024-09-19,228.8699951171875,204.81545032349572,220.69000244140625
2024-09-20,228.1999969482422,207.62538646882592,228.8699951171875
2024-09-23,226.47000122070312,205.0065803150718,228.1999969482422
2024-09-24,227.3699951171875,197.1825055196898,226.47000122070312
2024-09-25,226.3699951171875,202.59030002667248,227.3699951171875
2024-09-26,227.52000427246094,206.00254532390812,226.3699951171875
2024-09-27,227.7899932861328,207.78598239055896,227.52000427246094
2024-09-30,233.0,205.67860472696788,227.7899932861328
2024-10-01,226.2100067138672,209.63414114838884,233.0
2024-10-02,226.77999877929688,208.97740667769335,226.2100067138672
2024-10-03,225.6699981689453,205.7561195749417,226.77999877929688
2024-10-04,226.8000030517578,206.64489465142174,225.6699981689453
2024-10-07,221.69000244140625,207.4918199562564,226.8000030517578
2024-10-08,225.77000427246094,206.00311798088194,221.69000244140625
2024-10-09,229.5399932861328,205.64555096644,225.77000427246094
2024-10-10,229.0399932861328,206.85186433489326,229.5399932861328
2024-10-11,227.5500030517578,207.0684546555246,229.0399932861328
2024-10-14,231.3000030517578,207.56731905168243,227.5500030517578
2024-10-15,233.85000610351562,208.34334942316036,231.3000030517578
2024-10-16,231.77999877929688,210.81634565824504,233.85000610351562
2024-10-17,232.14999389648438,208.03755059915017,231.77999877929688
2024-10-18,235.0,208.9466893576186,232.14999389648438
2024-10-21,236.47999572753906,210.91614831563925,235.0
2024-10-22,235.86000061035156,210.4495588665249,236.47999572753906
2024-10-23,230.75999450683594,209.73734538820742,235.86000061035156
2024-10-24,230.57000732421875,209.7217003996832,230.75999450683594
2024-10-25,231.41000366210938,207.988634240448,230.57000732421875
2024-10-28,233.39999389648438,208.93299140280527,231.41000366210938
2024-10-29,233.6699981689453,209.31346469619928,233.39999389648438
2024-10-30,230.10000610351562,209.74742415094636,233.6699981689453
2024-10-31,225.91000366210938,209.42623230748035,230.10000610351562
2024-11-01,222.91000366210938,209.00551268196756,225.91000366210938
2024-11-04,222.00999450683594,206.73866150431206,222.91000366210938
2024-11-05,223.4499969482422,205.14074239089416,222.00999450683594
2024-11-06,222.72000122070312,205.12601365352793,223.4499969482422
2024-11-07,227.47999572753906,206.98406792386515,222.72000122070312
2024-11-08,226.9600067138672,206.56526097264486,227.47999572753906
2024-11-11,224.22999572753906,207.13792939958626,226.9600067138672
2024-11-12,224.22999572753906,206.4272048294007,224.22999572753906
2024-11-13,225.1199951171875,206.69371938500814,224.22999572753906
2024-11-14,228.22000122070312,206.93350231307846,225.1199951171875
2024-11-15,225.0,207.05156127479745,228.22000122070312
2024-11-18,228.02000427246094,207.33963063889877,225.0
2024-11-19,228.27999877929688,207.30544301756282,228.02000427246094
2024-11-20,229.0,207.32395129095607,228.27999877929688
2024-11-21,228.52000427246094,207.52972984792206,229.0
2024-11-22,229.8699951171875,207.96744593241732,228.52000427246094
2024-11-25,232.8699951171875,207.98822192742682,229.8699951171875
2024-11-26,235.05999755859375,211.63322937823398,232.8699951171875
2024-11-27,234.92999267578125,209.17346151924414,235.05999755859375
2024-11-29,237.3300018310547,209.54888397812925,234.92999267578125
2024-12-02,239.58999633789062,209.9972400291977,237.3300018310547
2024-12-03,242.64999389648438,212.14536796304452,239.58999633789062
2024-12-04,243.00999450683594,211.20894782634417,242.64999389648438
2024-12-05,243.0399932861328,212.42572936427848,243.00999450683594
2024-12-06,242.83999633789062,212.69627542498148,243.0399932861328
2024-12-09,246.75,212.5965987521215,242.83999633789062
2024-12-10,247.77000427246094,212.8378705883237,246.75
2024-12-11,246.49000549316406,213.11744172293385,247.77000427246094
2024-12-12,247.9600067138672,213.84917135091848,246.49000549316406
2024-12-13,248.1300048828125,212.90058798009454,247.9600067138672
2024-12-16,251.0399932861328,213.4974110781909,248.1300048828125
2024-12-17,253.47999572753906,214.7545534796388,251.0399932861328
2024-12-18,248.0500030517578,214.8908572925431,253.47999572753906
2024-12-19,249.7899932861328,214.6436527300923,248.0500030517578
2024-12-20,254.49000549316406,214.60315442890504,249.7899932861328
2024-12-23,255.27000427246094,218.97228662308476,254.49000549316406
2024-12-24,258.20001220703125,212.0327836019951,255.27000427246094
2024-12-26,259.0199890136719,213.64397690406577,258.20001220703125
2024-12-27,255.58999633789062,215.5955918707827,259.0199890136719
2024-12-30,252.1999969482422,216.03183050028554,255.58999633789062
2024-12-31,250.4199981689453,213.7334373765131,252.1999969482422
2025-01-02,243.85000610351562,214.38258986887547,250.4199981689453
2025-01-03,243.36000061035156,214.214331796833,243.85000610351562
2025-01-06,245.0,212.49954484820154,243.36000061035156
2025-01-07,242.2100067138672,213.30841137055728,245.0
2025-01-08,242.6999969482422,212.52392858214603,242.2100067138672
2025-01-10,236.85000610351562,212.26202964174746,242.6999969482422
2025-01-13,234.39999389648438,212.31668402332713,236.85000610351562
2025-01-14,233.27999877929688,210.00058434592472,234.39999389648438
2025-01-15,237.8699951171875,209.83437638584843,233.27999877929688
2025-01-16,228.25999450683594,210.40964467545092,237.8699951171875
2025-01-17,229.97999572753906,210.99037611258342,228.25999450683594
2025-01-21,222.63999938964844,209.32058854895337,229.97999572753906
2025-01-22,223.8300018310547,208.7086129473302,222.63999938964844
2025-01-23,223.66000366210938,205.75925773515814,223.8300018310547
2025-01-24,222.77999877929688,207.19193095221578,223.66000366210938
2025-01-27,229.86000061035156,206.92131617267597,222.77999877929688
2025-01-28,238.25999450683594,209.74839766780184,229.86000061035156
2025-01-29,239.36000061035156,209.53676655656358,238.25999450683594
2025-01-30,237.58999633789062,209.26409021191807,239.36000061035156
2025-01-31,236.0,211.92326868232522,237.58999633789062
2025-02-03,228.00999450683594,214.13901595163856,236.0
2025-02-04,232.8000030517578,208.33370587972155,228.00999450683594
2025-02-05,232.47000122070312,207.7177903981186,232.8000030517578
2025-02-06,233.22000122070312,208.4562201126967,232.47000122070312
2025-02-07,227.6300048828125,209.16674997951122,233.22000122070312
2025-02-10,227.64999389648438,208.33888269876473,227.6300048828125
2025-02-11,232.6199951171875,207.32435215083774,227.64999389648438
2025-02-12,236.8699951171875,209.2597036594987,232.6199951171875
2025-02-13,241.52999877929688,208.8818187756263,236.8699951171875
2025-02-14,244.60000610351562,211.21376959806355,241.52999877929688
2025-02-18,244.47000122070312,211.66083144437124,244.60000610351562
2025-02-19,244.8699951171875,213.3506734552239,244.47000122070312
2025-02-20,245.8300018310547,212.30720082384096,244.8699951171875
2025-02-21,245.5500030517578,212.91753862651905,245.8300018310547
2025-02-24,247.10000610351562,214.24006700123567,245.5500030517578
2025-02-25,247.0399932861328,213.58959739783353,247.10000610351562
2025-02-26,240.36000061035156,213.48252199687204,247.0399932861328
2025-02-27,237.3000030517578,212.45691626307172,240.36000061035156
2025-02-28,241.83999633789062,211.48873657060432,237.3000030517578
2025-03-03,238.02999877929688,211.40864476624836,241.83999633789062
2025-03-04,235.92999267578125,211.0304048350522,238.02999877929688
2025-03-05,235.74000549316406,211.26765661929835,235.92999267578125
2025-03-06,235.3300018310547,210.09453444904665,235.74000549316406
2025-03-07,239.07000732421875,210.29375035709285,235.3300018310547
2025-03-10,227.47999572753906,210.87810098629984,239.07000732421875
2025-03-11,220.83999633789062,209.90359916084162,227.47999572753906
2025-03-12,216.97999572753906,206.36329631112437,220.83999633789062
2025-03-13,209.67999267578125,204.6310318716525,216.97999572753906
2025-03-14,213.49000549316406,201.9325462265636,209.67999267578125
2025-03-17,214.0,201.76030246198349,213.49000549316406
2025-03-18,212.69000244140625,201.61356483901648,214.0
2025-03-19,215.24000549316406,201.0786803192065,212.69000244140625
2025-03-20,214.10000610351562,202.78267841045152,215.24000549316406
2025-03-21,218.27000427246094,201.75394596957426,214.10000610351562
2025-03-24,220.72999572753906,203.6408163388332,218.27000427246094
2025-03-25,223.75,203.29188499155617,220.72999572753906
2025-03-26,221.52999877929688,204.57424720613034,223.75
2025-03-27,223.85000610351562,205.23185211542602,221.52999877929688
2025-03-28,217.89999389648438,205.556193572248,223.85000610351562
2025-03-31,222.1300048828125,204.0612496358591,217.89999389648438
2025-04-01,223.19000244140625,204.64225594833903,222.1300048828125
2025-04-02,223.88999938964844,203.9263660122498,223.19000244140625
2025-04-03,203.19000244140625,205.0400120292024,223.88999938964844
2025-04-04,188.3800048828125,199.84861313948,203.19000244140625
2025-04-07,181.4600067138672,191.1688399344247,188.3800048828125
2025-04-08,172.4199981689453,181.6005207156789,181.4600067138672
2025-04-09,198.85000610351562,178.72031955966315,172.4199981689453
2025-04-10,190.4199981689453,182.79669805569583,198.85000610351562
2025-04-11,198.14999389648438,183.71519402911622,190.4199981689453
2025-04-14,202.52000427246094,186.092774159226,198.14999389648438
2025-04-15,202.13999938964844,196.76823401170202,202.52000427246094
2025-04-16,194.27000427246094,194.4981645018538,202.13999938964844
2025-04-17,196.97999572753906,191.56288519809783,194.27000427246094
2025-04-21,193.16000366210938,190.88385146484245,196.97999572753906
2025-04-22,199.74000549316406,190.12717689907902,193.16000366210938
2025-04-23,204.60000610351562,191.6215481784941,199.74000549316406
2025-04-24,208.3699951171875,195.88874743133704,204.60000610351562
2025-04-25,209.27999877929688,196.68217512167908,208.3699951171875
2025-04-28,210.13999938964844,197.14584402022703,209.27999877929688
2025-04-29,211.2100067138672,198.76558136434682,210.13999938964844
2025-04-30,212.5,199.0695934985988,211.2100067138672
2025-05-01,213.32000732421875,199.6809849901087,212.5
2025-05-02,205.35000610351562,200.0820510282806,213.32000732421875
2025-05-05,198.88999938964844,199.09653128264642,205.35000610351562
2025-05-06,198.50999450683594,194.80123747866875,198.88999938964844
2025-05-07,196.25,193.09494875952853,198.50999450683594
2025-05-08,197.49000549316406,193.3602492823515,196.25
2025-05-09,198.52999877929688,192.03792706414546,197.49000549316406
2025-05-12,210.7899932861328,192.1632358631528,198.52999877929688
2025-05-13,212.92999267578125,199.1635092423023,210.7899932861328
2025-05-14,212.3300018310547,199.73916693864697,212.92999267578125
2025-05-15,211.4499969482422,200.1221942821441,212.3300018310547
2025-05-16,211.25999450683594,199.75852274436147,211.4499969482422
2025-05-19,208.77999877929688,201.34805815968292,211.25999450683594
2025-05-20,206.86000061035156,198.37616316902205,208.77999877929688
2025-05-21,202.08999633789062,197.80425064928605,206.86000061035156
2025-05-22,201.36000061035156,196.88408251750218,202.08999633789062
2025-05-23,195.27000427246094,194.62472169306403,201.36000061035156
2025-05-27,200.2100067138672,192.08540032727365,195.27000427246094
2025-05-28,200.4199981689453,193.00714899230522,200.2100067138672
2025-05-29,199.9499969482422,193.97161786758244,200.4199981689453
2025-05-30,200.85000610351562,194.5404838522178,199.9499969482422
2025-06-02,201.6999969482422,194.44379644876108,200.85000610351562
2025-06-03,203.27000427246094,193.45141627258076,201.6999969482422
2025-06-04,202.82000732421875,194.81521030882953,203.27000427246094
2025-06-05,200.6300048828125,195.4793320544871,202.82000732421875
2025-06-06,203.9199981689453,195.36674769343762,200.6300048828125
2025-06-09,201.4499969482422,195.19911954406632,203.9199981689453
2025-06-10,202.6699981689453,196.33299180533362,201.4499969482422
2025-06-11,198.77999877929688,194.6680832791203,202.6699981689453
2025-06-12,199.1999969482422,194.75490952948817,198.77999877929688
2025-06-13,196.4499969482422,192.7756810434945,199.1999969482422
2025-06-16,198.4199981689453,193.2439082915539,196.4499969482422
2025-06-17,195.63999938964844,191.80363018988413,198.4199981689453
2025-06-18,196.5800018310547,191.52937331199092,195.63999938964844
2025-06-20,201.0,190.9831959966576,196.5800018310547
2025-06-23,201.5,194.68469033136057,201.0
2025-06-24,200.3000030517578,193.36004312584092,201.5
2025-06-25,201.55999755859375,194.1522567833985,200.3000030517578
2025-06-26,201.0,194.47307067326182,201.55999755859375
2025-06-27,201.0800018310547,195.17096772723423,201.0
2025-06-30,205.1699981689453,195.15098199884852,201.0800018310547
2025-07-01,207.82000732421875,196.50366648980554,205.1699981689453
2025-07-02,212.44000244140625,197.91949213869395,207.82000732421875
2025-07-03,213.5500030517578,199.8538930367784,212.44000244140625
2025-07-07,209.9499969482422,200.08498303198644,213.5500030517578
2025-07-08,210.00999450683594,200.87040497783477,209.9499969482422
2025-07-09,211.13999938964844,199.36710024962838,210.00999450683594
2025-07-10,212.41000366210938,199.94872503164004,211.13999938964844
2025-07-11,211.16000366210938,199.86212784406172,212.41000366210938
2025-07-14,208.6199951171875,200.11912484076453,211.16000366210938
2025-07-15,209.11000061035156,199.1587676425592,208.6199951171875
2025-07-16,210.16000366210938,199.35692986177366,209.11000061035156
2025-07-17,210.02000427246094,199.8540877401495,210.16000366210938
2025-07-18,211.17999267578125,199.79496663417422,210.02000427246094
2025-07-21,212.47999572753906,200.25577224785314,211.17999267578125
2025-07-22,214.39999389648438,201.1771887718399,212.47999572753906
2025-07-23,214.14999389648438,201.35139102327048,214.39999389648438
2025-07-24,213.75999450683594,201.96525639290718,214.14999389648438
2025-07-25,213.8800048828125,201.89519753873225,213.75999450683594
2025-07-28,214.0500030517578,201.89686969709572,213.8800048828125
2025-07-29,211.27000427246094,201.58670722694518,214.0500030517578
2025-07-30,209.0500030517578,201.63534871029987,211.27000427246094
2025-07-31,207.57000732421875,199.73851410969684,209.0500030517578
2025-08-01,202.3800048828125,200.3110909115224,207.57000732421875
2025-08-04,203.35000610351562,199.11131728571002,202.3800048828125
2025-08-05,202.9199981689453,195.73142710749417,203.35000610351562
2025-08-06,213.25,195.7206497032472,202.9199981689453
2025-08-07,220.02999877929688,201.0997999084003,213.25
2025-08-08,229.35000610351562,203.90538386072967,220.02999877929688
2025-08-11,227.17999267578125,206.97539789728182,229.35000610351562
2025-08-12,229.64999389648438,205.93068832683548,227.17999267578125
2025-08-13,233.3300018310547,208.76452717425218,229.64999389648438
2025-08-14,232.77999877929688,210.67045556759928,233.3300018310547
2025-08-15,231.58999633789062,209.779847988803,232.77999877929688
2025-08-18,230.88999938964844,209.75278422022114,231.58999633789062
2025-08-19,230.55999755859375,208.79843992024075,230.88999938964844
2025-08-20,226.00999450683594,209.25248818162885,230.55999755859375
2025-08-21,224.89999389648438,207.97498209819253,226.00999450683594
2025-08-22,227.75999450683594,206.4529056743849,224.89999389648438
2025-08-25,227.16000366210938,207.62772290927904,227.75999450683594
2025-08-26,229.30999755859375,206.78574536069806,227.16000366210938
2025-08-27,230.49000549316406,208.3427653130471,229.30999755859375
2025-08-28,232.55999755859375,207.2939097061104,230.49000549316406
2025-08-29,232.13999938964844,208.8898588795385,232.55999755859375
2025-09-02,229.72000122070312,209.2486284736254,232.13999938964844
2025-09-03,238.47000122070312,208.81833402351066,229.72000122070312
2025-09-04,239.77999877929688,211.62076836248406,238.47000122070312
2025-09-05,239.69000244140625,211.24851842323386,239.77999877929688
2025-09-08,237.8800048828125,212.37827900742928,239.69000244140625
2025-09-09,234.35000610351562,211.65059233767965,237.8800048828125
2025-09-10,226.7899932861328,212.13134932032585,234.35000610351562
2025-09-11,230.02999877929688,210.24043599283192,226.7899932861328
2025-09-12,234.07000732421875,207.79483566737395,230.02999877929688
2025-09-15,236.6999969482422,209.78166903797973,234.07000732421875
2025-09-16,238.14999389648438,210.57502800948492,236.6999969482422
2025-09-17,238.99000549316406,212.38714373738372,238.14999389648438
2025-09-18,237.8800048828125,211.23791281607907,238.99000549316406
2025-09-19,245.5,211.55262218260162,237.8800048828125
2025-09-22,256.0799865722656,217.25484254609484,245.5
2025-09-23,254.42999267578125,214.02722185721296,256.0799865722656
2025-09-24,252.30999755859375,212.934306022712,254.42999267578125
2025-09-25,256.8699951171875,214.76302880285107,252.30999755859375
2025-09-26,255.4600067138672,216.49683941615217,256.8699951171875
2025-09-29,254.42999267578125,214.9482718807365,255.4600067138672
2025-09-30,254.6300048828125,214.84578918870488,254.42999267578125
2025-10-01,255.4499969482422,215.11624362429205,254.6300048828125
2025-10-02,257.1300048828125,215.96047744134984,255.4499969482422
2025-10-03,258.0199890136719,215.342351503828,257.1300048828125
2025-10-06,256.69000244140625,215.59477869787992,258.0199890136719
2025-10-07,256.4800109863281,215.5632596580419,256.69000244140625
2025-10-08,258.05999755859375,215.06234514991786,256.4800109863281
2025-10-09,254.0399932861328,215.64514960529556,258.05999755859375
2025-10-10,245.27000427246094,215.32407229322428,254.0399932861328
2025-10-13,247.66000366210938,214.6893851160201,245.27000427246094
2025-10-14,247.77000427246094,212.62617075824863,247.66000366210938
2025-10-15,249.33999633789062,213.37376298440756,247.77000427246094
2025-10-16,247.4499969482422,213.41458197350016,249.33999633789062
2025-10-17,252.2899932861328,213.91991739346196,247.4499969482422
2025-10-20,262.239990234375,214.1886653112672,252.2899932861328
2025-10-21,262.7699890136719,217.45057669974034,262.239990234375
2025-10-22,258.45001220703125,215.20826959998203,262.7699890136719
2025-10-23,259.5799865722656,215.5172638499061,258.45001220703125
2025-10-24,262.82000732421875,215.472127027231,259.5799865722656
2025-10-27,268.80999755859375,216.55703711723822,262.82000732421875
2025-10-28,269.0,216.51934483522263,268.80999755859375
2025-10-29,269.70001220703125,217.16248442936006,269.0
2025-10-30,271.3999938964844,217.72545204716528,269.70001220703125
2025-10-31,270.3699951171875,218.74150586264255,271.3999938964844
2025-11-03,269.04998779296875,219.37980077878166,270.3699951171875
2025-11-04,270.0400085449219,216.62527492223649,269.04998779296875
2025-11-05,270.1400146484375,217.55468573757753,270.0400085449219
2025-11-06,269.7699890136719,217.27968440561835,270.1400146484375
2025-11-07,268.4700012207031,217.5310006451411,269.7699890136719
2025-11-10,269.42999267578125,217.05665742060148,268.4700012207031
2025-11-11,275.25,216.60755691546706,269.42999267578125
2025-11-12,273.4700012207031,217.2224530676566,275.25
2025-11-13,272.95001220703125,217.9107523907481,273.4700012207031
2025-11-14,272.4100036621094,217.82339929596435,272.95001220703125
2025-11-17,267.4599914550781,217.36194085333528,272.4100036621094
2025-11-18,267.44000244140625,217.1237499116521,267.4599914550781
2025-11-19,268.55999755859375,217.12310853584142,267.44000244140625
2025-11-20,266.25,216.43072044195702,268.55999755859375
2025-11-21,271.489990234375,216.58662057650486,266.25
2025-11-24,275.9200134277344,217.20124185334697,271.489990234375
2025-11-25,276.9700012207031,218.1938739985958,275.9200134277344
2025-11-26,277.54998779296875,217.1182982172615,276.9700012207031
2025-11-28,278.8500061035156,217.1805460303138,277.54998779296875
2025-12-01,283.1000061035156,216.82781224073074,278.8500061035156
2025-12-02,286.19000244140625,218.20918684607523,283.1000061035156
2025-12-03,284.1499938964844,218.35616498497126,286.19000244140625
2025-12-04,280.70001220703125,217.76938629019537,284.1499938964844
2025-12-05,278.7799987792969,217.90461350798893,280.70001220703125
2025-12-08,277.8900146484375,218.55087980920337,278.7799987792969
2025-12-09,277.17999267578125,217.79385019611618,277.8900146484375
2025-12-10,278.7799987792969,217.32117912994005,277.17999267578125
2025-12-11,278.0299987792969,217.58933148449256,278.7799987792969
2025-12-12,278.2799987792969,217.38240761357895,278.0299987792969
2025-12-15,274.1099853515625,217.86605078737313,278.2799987792969
2025-12-16,274.6099853515625,218.2607259737174,274.1099853515625
2025-12-17,271.8399963378906,216.88618889264012,274.6099853515625
2025-12-18,272.19000244140625,218.19472153091698,271.8399963378906
2025-12-19,273.6700134277344,217.7277884876184,272.19000244140625
2025-12-22,270.9700012207031,222.7247474284561,273.6700134277344
2025-12-23,272.3599853515625,214.5722996711566,270.9700012207031
2025-12-24,273.80999755859375,216.05985633258342,272.3599853515625
2025-12-26,273.3999938964844,216.46322445179004,273.80999755859375
2025-12-29,273.760009765625,216.98162790389392,273.3999938964844
2025-12-30,273.0799865722656,216.35305670317,273.760009765625
2025-12-31,271.8599853515625,216.5471759641494,273.0799865722656
