dataset_id,framework,task,seed_count,seeds,parameter_count,input_dim,split_sha256,processed_sha256,Accuracy_mean,Accuracy_std,Precision_mean,Precision_std,Recall_mean,Recall_std,F1_mean,F1_std,ROC-AUC_mean,ROC-AUC_std,MAE_mean,MAE_std,MSE_mean,MSE_std,RMSE_mean,RMSE_std,R2_mean,R2_std,MAPE_mean,MAPE_std,training_seconds_mean,training_seconds_std,inference_ms_per_sample_mean,inference_ms_per_sample_std,epochs_run_mean,epochs_run_std,best_epoch_mean,best_epoch_std
ch2_diabetes_binary,keras,binary,3,"42,52,62",3521,21,138c04fa519a96441560b250bf1fbdef2c6041439f654f230bb6ce4853fa5a3d,b57cf547e14f23df0f3378093465206f4a5770b4537f28f6faed58b5c6c187d8,0.733830485568105,0.004542441723054418,0.6801033234103678,0.007423974033099992,0.8997150997150997,0.010761351675359536,0.7745800014434941,0.0014014520850631873,0.8213434860519667,0.0011516826430719095,,0.0,,0.0,,0.0,,0.0,,0.0,10.462467533333742,4.606027566750207,0.050109088715122735,0.04404536274576887,14.666666666666666,1.1547005383792517,4.666666666666667,1.1547005383792517
ch2_diabetes_binary,numpy,binary,3,"42,52,62",3521,21,138c04fa519a96441560b250bf1fbdef2c6041439f654f230bb6ce4853fa5a3d,b57cf547e14f23df0f3378093465206f4a5770b4537f28f6faed58b5c6c187d8,0.73264793899025,0.006925671495360679,0.6780307180216626,0.01097738041887755,0.9035137701804369,0.016515822932883926,0.7745501440596874,0.001969852883132049,0.8198888600856602,0.0006590943741631071,,0.0,,0.0,,0.0,,0.0,,0.0,11.462087300000045,7.363154304033922,0.0020386475528355666,0.0011211069562718473,17.0,1.7320508075688772,7.0,1.7320508075688772
ch2_diabetes_binary,pytorch,binary,3,"42,52,62",3521,21,138c04fa519a96441560b250bf1fbdef2c6041439f654f230bb6ce4853fa5a3d,b57cf547e14f23df0f3378093465206f4a5770b4537f28f6faed58b5c6c187d8,0.7371850564726324,0.004056384253643645,0.6867002337910777,0.005182349446002369,0.8882241215574549,0.005057147249219069,0.7745497787049018,0.0023377951820921007,0.822027307558079,0.001277826712738901,,0.0,,0.0,,0.0,,0.0,,0.0,1.7965507333331818,1.4758992885844977,5.465778548764479e-05,8.222100599085042e-06,16.666666666666668,4.041451884327381,6.666666666666667,4.041451884327381
ch2_ecommerce_behavior,keras,binary,3,"42,52,62",25729,368,b9bf6fd92b31a05002e1538ad5a930c93e7a0373f58f0961441d06c1e8509eaf,72013d540b0e688059bbaaf2cb1127224d0786cef70f8025d91b325cc1f55041,0.5125000000000001,0.06272758563821819,0.21655361227961398,0.010118674483088468,0.7109144542772862,0.09215633835878059,0.330798557986772,0.008334408251110568,0.6259737384393073,0.017187590904456266,,0.0,,0.0,,0.0,,0.0,,0.0,5.583865866666504,3.419534783740086,0.15611666666685173,0.09350732411693652,15.333333333333334,0.5773502691896257,5.333333333333333,0.5773502691896258
ch2_ecommerce_behavior,numpy,binary,3,"42,52,62",25729,368,b9bf6fd92b31a05002e1538ad5a930c93e7a0373f58f0961441d06c1e8509eaf,72013d540b0e688059bbaaf2cb1127224d0786cef70f8025d91b325cc1f55041,0.5718333333333333,0.05775883770760398,0.23446637630747083,0.007796201556662788,0.6686332350049163,0.11272657217159485,0.34542291657836205,0.007806342264625835,0.637882073385795,0.008541208823738485,,0.0,,0.0,,0.0,,0.0,,0.0,2.8815676999996263,2.1630788439076434,0.0037845000000136333,0.0014264726846722779,17.333333333333332,0.5773502691896258,7.333333333333333,0.5773502691896258
ch2_ecommerce_behavior,pytorch,binary,3,"42,52,62",25729,368,b9bf6fd92b31a05002e1538ad5a930c93e7a0373f58f0961441d06c1e8509eaf,72013d540b0e688059bbaaf2cb1127224d0786cef70f8025d91b325cc1f55041,0.6011666666666665,0.06177850219399412,0.2410408823611332,0.014119764123467746,0.6194690265486725,0.11104147625202782,0.3442750796993113,0.008011763841165904,0.6475568555507606,0.021475594981662533,,0.0,,0.0,,0.0,,0.0,,0.0,0.9265629333334194,0.6205350226037735,0.0010189333333982334,0.0006215258127464005,17.0,2.6457513110645907,7.0,2.6457513110645907
ch2_vietnam_housing,keras,regression,3,"42,52,62",11329,143,8d8d69071704b7821d93facb431682530766f2dad2cb12ed4a59747ca487e30d,07838beca401ecfa4a4e2148ac763cf0a7ef45015b82c879ad91a955613ea9c5,,0.0,,0.0,,0.0,,0.0,,0.0,1.0636555261159584,0.011220515509527946,1.9911685559275611,0.029309020291934277,1.4110623434830245,0.010364752656684448,0.5833395621230247,0.00613303639826402,21.27231939974582,0.37227815855214097,2.1971718999999816,0.2676289262810882,0.0278859222497654,0.004894098843246196,16.333333333333332,3.2145502536643185,6.333333333333333,3.214550253664318
ch2_vietnam_housing,numpy,regression,3,"42,52,62",11329,143,8d8d69071704b7821d93facb431682530766f2dad2cb12ed4a59747ca487e30d,07838beca401ecfa4a4e2148ac763cf0a7ef45015b82c879ad91a955613ea9c5,,0.0,,0.0,,0.0,,0.0,,0.0,1.0529706408702753,0.008405384983046974,1.977377484422134,0.041191596976305256,1.406141535607289,0.014669675973347226,0.5862254021364871,0.008619515802369684,21.029429631564277,0.07810127847476726,1.1949503000002248,0.16672850250267487,0.0010306093190316668,7.428693831865559e-05,21.333333333333332,2.3094010767585034,11.333333333333334,2.3094010767585034
ch2_vietnam_housing,pytorch,regression,3,"42,52,62",11329,143,8d8d69071704b7821d93facb431682530766f2dad2cb12ed4a59747ca487e30d,07838beca401ecfa4a4e2148ac763cf0a7ef45015b82c879ad91a955613ea9c5,,0.0,,0.0,,0.0,,0.0,,0.0,1.0488410260553893,0.00399185965409893,1.9570984392423958,0.0091141839001673,1.398960815934221,0.003257619465452066,0.59046887806883,0.0019071815107917288,20.791471879744094,0.1847319145379569,2.255406333333667,1.8172812688203865,0.00036816101461213706,0.0002645944916236229,21.666666666666668,3.2145502536643185,11.666666666666666,3.214550253664318
