threshold,F1
0.2,0.7558090997634618
0.21000000000000002,0.7573128061581526
0.22000000000000003,0.7585431022359724
0.23,0.7593522381726894
0.24000000000000002,0.7617423434946351
0.25,0.7639325521577593
0.26,0.7656328704036842
0.27,0.767040115648717
0.28,0.7682128835247928
0.29000000000000004,0.7684772278675341
0.30000000000000004,0.7693892568064753
0.31000000000000005,0.7694471171637924
0.32000000000000006,0.7703085407661351
0.33000000000000007,0.7726454709058188
0.34,0.7739989442726792
0.35000000000000003,0.7748048207382703
0.36000000000000004,0.7738195133114654
0.37000000000000005,0.7738369415016122
0.38000000000000006,0.7742334131459025
0.39,0.773571706179557
0.4,0.7746633260256812
0.41000000000000003,0.7730071033938437
0.42000000000000004,0.7718291905672403
0.43000000000000005,0.7707262210796915
0.44000000000000006,0.7707979626485568
0.45000000000000007,0.7688167658811058
0.4600000000000001,0.7680039460703716
0.4700000000000001,0.765788165091994
0.48000000000000004,0.7638493723849372
0.49000000000000005,0.7621379717976864
0.5,0.7597851112816577
0.51,0.759308624989251
0.52,0.7559219088937094
0.53,0.7518414591371448
0.54,0.7490484199344959
0.55,0.745480579917666
0.56,0.7422214182344429
0.5700000000000001,0.7376509330406147
0.5800000000000001,0.7332901913654433
0.5900000000000001,0.7288531638470885
0.6000000000000001,0.7220223442529824
0.6100000000000001,0.7159547979314308
0.6200000000000001,0.7086002717918851
0.6300000000000001,0.7012680625184311
0.6400000000000001,0.6937556020316702
0.6500000000000001,0.6840989399293286
0.6600000000000001,0.6748667486674866
0.6700000000000002,0.6636780650542119
0.6800000000000002,0.6540494819200676
0.6900000000000002,0.642481485456692
0.7000000000000002,0.6320034881185961
0.7100000000000002,0.6191373766492959
0.7200000000000002,0.6029627954314147
0.7300000000000002,0.5892754621655758
0.7400000000000002,0.5712947787403418
0.7500000000000002,0.5523832278102975
0.76,0.5325054784514244
0.77,0.5113155931360358
0.78,0.4934801873654893
0.79,0.47271319829699393
0.8,0.44429743318338183
