dataset_id,Model,Accuracy,Precision,Recall,F1,ROC-AUC,source_path,source_sha256,MAE,MSE,RMSE,R2,MAPE
ch2_diabetes_binary,Random Forest,0.7445699391833188,0.7270481144343303,0.7964387464387465,0.7601631543167913,0.8208441135708511,pipeline/diabetes/final_comparison.csv,89f42910504be192b86953a4622321a8e1696175b7c3291d892f9a37246f9501,,,,,
ch2_diabetes_binary,SVM,0.743773530263539,0.7340954942837928,0.7774928774928775,0.7551712210307852,0.8170936186027469,pipeline/diabetes/final_comparison.csv,89f42910504be192b86953a4622321a8e1696175b7c3291d892f9a37246f9501,,,,,
ch2_diabetes_binary,Logistic Regression,0.7450043440486533,0.7379591836734694,0.7726495726495727,0.7549060542797494,0.8173844752834742,pipeline/diabetes/final_comparison.csv,89f42910504be192b86953a4622321a8e1696175b7c3291d892f9a37246f9501,,,,,
ch2_diabetes_binary,Decision Tree,0.7344338256588474,0.717888715548622,0.7866096866096867,0.7506797172376292,0.8058893234541056,pipeline/diabetes/final_comparison.csv,89f42910504be192b86953a4622321a8e1696175b7c3291d892f9a37246f9501,,,,,
ch2_diabetes_binary,KNN,0.7228496959165943,0.7089005235602094,0.7715099715099715,0.738881309686221,0.7855528667881435,pipeline/diabetes/final_comparison.csv,89f42910504be192b86953a4622321a8e1696175b7c3291d892f9a37246f9501,,,,,
ch2_vietnam_housing,Random Forest Regressor,,,,,,pipeline/house_price/final_comparison.csv,d61630f3050f43f45b2130df23947e93e114a6d449392c883cdacd3e5a72c685,1.080050710498728,2.0733131369102216,1.439900391315393,0.5661504612909698,22.30594199145973
ch2_vietnam_housing,KNN Regressor,,,,,,pipeline/house_price/final_comparison.csv,d61630f3050f43f45b2130df23947e93e114a6d449392c883cdacd3e5a72c685,1.1912692182289015,2.4745229391909698,1.573061645070202,0.4821956140726449,25.012605974459373
ch2_vietnam_housing,Gradient Boosting Regressor,,,,,,pipeline/house_price/final_comparison.csv,d61630f3050f43f45b2130df23947e93e114a6d449392c883cdacd3e5a72c685,1.237542625535307,2.4998153127876623,1.5810804257809474,0.4769030779755002,25.87180710635741
ch2_vietnam_housing,Decision Tree Regressor,,,,,,pipeline/house_price/final_comparison.csv,d61630f3050f43f45b2130df23947e93e114a6d449392c883cdacd3e5a72c685,1.2617330731194587,2.7048695290214737,1.6446487555163485,0.4339946163738153,26.467030160911182
ch2_vietnam_housing,Linear Regression,,,,,,pipeline/house_price/final_comparison.csv,d61630f3050f43f45b2130df23947e93e114a6d449392c883cdacd3e5a72c685,8.23528628063611,54357.55571762211,233.14706885916905,-11373.54832731422,222.6191808480075
ch2_ecommerce_behavior,Logistic Regression,0.6385,0.2551020408163265,0.5899705014749262,0.3561887800534283,0.6627435937053237,pipeline/customer_behavior/final_comparison.csv,9ee3ed5335220086ff3e60fcd7fc72137aef8ce1f0106e8c0a52ef63a009bb9d,,,,,
ch2_ecommerce_behavior,Random Forest,0.698,0.2787979966611018,0.4926253687315634,0.3560767590618336,0.6791853363382402,pipeline/customer_behavior/final_comparison.csv,9ee3ed5335220086ff3e60fcd7fc72137aef8ce1f0106e8c0a52ef63a009bb9d,,,,,
ch2_ecommerce_behavior,Decision Tree,0.603,0.2332942555685814,0.5870206489675516,0.3338926174496644,0.6235643666341668,pipeline/customer_behavior/final_comparison.csv,9ee3ed5335220086ff3e60fcd7fc72137aef8ce1f0106e8c0a52ef63a009bb9d,,,,,
ch2_ecommerce_behavior,KNN,0.8225,0.2777777777777778,0.0294985250737463,0.0533333333333333,0.617408036882924,pipeline/customer_behavior/final_comparison.csv,9ee3ed5335220086ff3e60fcd7fc72137aef8ce1f0106e8c0a52ef63a009bb9d,,,,,
ch2_ecommerce_behavior,Gradient Boosting,0.829,0.2857142857142857,0.0058997050147492,0.0115606936416184,0.6744879492930832,pipeline/customer_behavior/final_comparison.csv,9ee3ed5335220086ff3e60fcd7fc72137aef8ce1f0106e8c0a52ef63a009bb9d,,,,,
