dataset_id,model_family,key,test_accuracy,macro_precision,macro_recall,macro_f1,parameter_count,training_seconds,prediction_path,source_sha256
a05_eurosat,BasicCNN2D,basic,0.7397530674934387,0.7440310922956278,0.7262666666666667,0.7256237764314195,24202,365.38902289999896,results/metrics/eurosat_basic_test_predictions.csv,fce642662f9638638aa39b5772f76c551662bcfbf97d566d13802dabf48eb85f
a05_eurosat,AlexNetInspired2D,alexnet_inspired,0.1111111119389534,0.0111111111111111,0.1,0.02,260170,677.5849220000018,results/metrics/eurosat_alexnet_inspired_test_predictions.csv,fce642662f9638638aa39b5772f76c551662bcfbf97d566d13802dabf48eb85f
a05_eurosat,VGGInspired2D,vgg_inspired,0.1111111119389534,0.0111111111111111,0.1,0.02,304810,1071.4206587000008,results/metrics/eurosat_vgg_inspired_test_predictions.csv,fce642662f9638638aa39b5772f76c551662bcfbf97d566d13802dabf48eb85f
a05_eurosat,ResNetInspired2D,resnet_inspired,0.1111111119389534,0.0111111111111111,0.1,0.02,324490,1467.5920408999991,results/metrics/eurosat_resnet_inspired_test_predictions.csv,fce642662f9638638aa39b5772f76c551662bcfbf97d566d13802dabf48eb85f
a05_oxford_pets,BasicCNN2D,basic,0.0471518114209175,0.0160360684914666,0.0477561249310848,0.0197865700114756,25957,20.747897400000056,results/metrics/oxford_pets_basic_test_predictions.csv,48b26b1ccebeb65cc8cab42f22dfe8b77216973b4aeb8358d58049b3b4f76ede
a05_oxford_pets,AlexNetInspired2D,alexnet_inspired,0.0408830754458904,0.0077824922026241,0.0411975981489972,0.0115412210343929,263653,36.93236400000024,results/metrics/oxford_pets_alexnet_inspired_test_predictions.csv,48b26b1ccebeb65cc8cab42f22dfe8b77216973b4aeb8358d58049b3b4f76ede
a05_oxford_pets,VGGInspired2D,vgg_inspired,0.0272553823888301,0.0007366319713008,0.027027027027027,0.0014341749550027,308293,70.05517899999995,results/metrics/oxford_pets_vgg_inspired_test_predictions.csv,48b26b1ccebeb65cc8cab42f22dfe8b77216973b4aeb8358d58049b3b4f76ede
a05_oxford_pets,ResNetInspired2D,resnet_inspired,0.043336059898138,0.0050672697590298,0.0431176631176631,0.0080115061021437,327973,95.51247580000016,results/metrics/oxford_pets_resnet_inspired_test_predictions.csv,48b26b1ccebeb65cc8cab42f22dfe8b77216973b4aeb8358d58049b3b4f76ede
a05_diabetes,BasicCNN1D,basic,0.6952853798866272,0.4488055682622875,0.5039416469934982,0.4392044243552869,2787,6.467587099999946,results/metrics/diabetes_basic_test_predictions.csv,95f05eafaa38113a34aed236d91018f04f747b32d1d09bbfec6598e5816a550c
a05_diabetes,AlexNetInspired1D,alexnet_inspired,0.6079838275909424,0.4802187413416474,0.5015983426481785,0.4074886081348575,29635,12.364384299999983,results/metrics/diabetes_alexnet_inspired_test_predictions.csv,95f05eafaa38113a34aed236d91018f04f747b32d1d09bbfec6598e5816a550c
a05_diabetes,VGGInspired1D,vgg_inspired,0.6793335676193237,0.4321659936057533,0.492057649655684,0.4261218265509286,38299,10.209813099999792,results/metrics/diabetes_vgg_inspired_test_predictions.csv,95f05eafaa38113a34aed236d91018f04f747b32d1d09bbfec6598e5816a550c
a05_diabetes,ResNetInspired1D,resnet_inspired,0.712393581867218,0.432084818417817,0.4933111603803734,0.4355880367811073,44387,11.513357099999666,results/metrics/diabetes_resnet_inspired_test_predictions.csv,95f05eafaa38113a34aed236d91018f04f747b32d1d09bbfec6598e5816a550c
