threshold,f1,precision,recall
0.05,0.09319508997735669,0.048875,1.0
0.055,0.09319508997735669,0.048875,1.0
0.06,0.09319508997735669,0.048875,1.0
0.065,0.09319508997735669,0.048875,1.0
0.07,0.09319508997735669,0.048875,1.0
0.075,0.09319508997735669,0.048875,1.0
0.08,0.09319508997735669,0.048875,1.0
0.08499999999999999,0.09319508997735669,0.048875,1.0
0.09,0.09319508997735669,0.048875,1.0
0.095,0.09319508997735669,0.048875,1.0
0.09999999999999999,0.09319508997735669,0.048875,1.0
0.105,0.09319508997735669,0.048875,1.0
0.10999999999999999,0.09319508997735669,0.048875,1.0
0.11499999999999999,0.09319508997735669,0.048875,1.0
0.12,0.09319508997735669,0.048875,1.0
0.12499999999999999,0.09319508997735669,0.048875,1.0
0.13,0.09319508997735669,0.048875,1.0
0.135,0.09319508997735669,0.048875,1.0
0.13999999999999999,0.09319508997735669,0.048875,1.0
0.145,0.09319508997735669,0.048875,1.0
0.14999999999999997,0.09319508997735669,0.048875,1.0
0.15499999999999997,0.09319508997735669,0.048875,1.0
0.15999999999999998,0.09319508997735669,0.048875,1.0
0.16499999999999998,0.09319508997735669,0.048875,1.0
0.16999999999999998,0.09319508997735669,0.048875,1.0
0.175,0.09319508997735669,0.048875,1.0
0.18,0.09319508997735669,0.048875,1.0
0.185,0.09319508997735669,0.048875,1.0
0.19,0.09319508997735669,0.048875,1.0
0.195,0.09319508997735669,0.048875,1.0
0.19999999999999996,0.09319508997735669,0.048875,1.0
0.20499999999999996,0.09319508997735669,0.048875,1.0
0.20999999999999996,0.09319508997735669,0.048875,1.0
0.21499999999999997,0.09319508997735669,0.048875,1.0
0.21999999999999997,0.09319508997735669,0.048875,1.0
0.22499999999999998,0.09319508997735669,0.048875,1.0
0.22999999999999998,0.09319508997735669,0.048875,1.0
0.235,0.09319508997735669,0.048875,1.0
0.24,0.09319508997735669,0.048875,1.0
0.245,0.09319508997735669,0.048875,1.0
0.24999999999999994,0.09319508997735669,0.048875,1.0
0.25499999999999995,0.09319508997735669,0.048875,1.0
0.25999999999999995,0.09319508997735669,0.048875,1.0
0.26499999999999996,0.09319508997735669,0.048875,1.0
0.26999999999999996,0.09319508997735669,0.048875,1.0
0.27499999999999997,0.09319508997735669,0.048875,1.0
0.27999999999999997,0.09319508997735669,0.048875,1.0
0.285,0.09319508997735669,0.048875,1.0
0.29,0.09319508997735669,0.048875,1.0
0.295,0.09319508997735669,0.048875,1.0
0.3,0.09319508997735669,0.048875,1.0
0.30499999999999994,0.09319508997735669,0.048875,1.0
0.30999999999999994,0.2001627339300244,0.11901306240928883,0.629156010230179
0.31499999999999995,0.2001627339300244,0.11901306240928883,0.629156010230179
0.31999999999999995,0.2001627339300244,0.11901306240928883,0.629156010230179
0.32499999999999996,0.2001627339300244,0.11901306240928883,0.629156010230179
0.32999999999999996,0.2001627339300244,0.11901306240928883,0.629156010230179
0.33499999999999996,0.20024420024420025,0.11907066795740562,0.629156010230179
0.33999999999999997,0.20024420024420025,0.11907066795740562,0.629156010230179
0.3449999999999999,0.20024420024420025,0.11907066795740562,0.629156010230179
0.3499999999999999,0.20024420024420025,0.11907066795740562,0.629156010230179
0.3549999999999999,0.2003257328990228,0.11912832929782083,0.629156010230179
0.35999999999999993,0.2003257328990228,0.11912832929782083,0.629156010230179
0.36499999999999994,0.2003257328990228,0.11912832929782083,0.629156010230179
0.36999999999999994,0.20040733197556007,0.11918604651162791,0.629156010230179
0.37499999999999994,0.20048899755501223,0.11924381968007755,0.629156010230179
0.37999999999999995,0.20048899755501223,0.11924381968007755,0.629156010230179
0.38499999999999995,0.200734394124847,0.11941747572815534,0.629156010230179
0.38999999999999996,0.20098039215686275,0.11959163830821584,0.629156010230179
0.39499999999999996,0.2018047579983593,0.12017586712261846,0.629156010230179
0.3999999999999999,0.2019704433497537,0.12029339853300733,0.629156010230179
0.4049999999999999,0.2020533880903491,0.12035225048923678,0.629156010230179
0.4099999999999999,0.20213640098603122,0.12041116005873716,0.629156010230179
0.4149999999999999,0.2026359143327842,0.12076583210603829,0.629156010230179
0.41999999999999993,0.2024793388429752,0.12074913750616068,0.6265984654731458
0.42499999999999993,0.20315091210613598,0.12122711528946066,0.6265984654731458
0.42999999999999994,0.20374220374220375,0.12164846077457796,0.6265984654731458
0.43499999999999994,0.20425177157148813,0.12201195219123506,0.6265984654731458
0.43999999999999995,0.20442219440967876,0.12213359920239282,0.6265984654731458
0.44499999999999995,0.20476389469285416,0.12237762237762238,0.6265984654731458
0.4499999999999999,0.20444072056975282,0.12224448897795591,0.6240409207161125
0.4549999999999999,0.20469798657718122,0.12242849974912193,0.6240409207161125
0.4599999999999999,0.2054736842105263,0.12298387096774194,0.6240409207161125
0.4649999999999999,0.20439189189189189,0.12240768841679311,0.618925831202046
0.4699999999999999,0.2049978822532825,0.12284263959390863,0.618925831202046
0.4749999999999999,0.20630861040068202,0.12378516624040921,0.618925831202046
0.4799999999999999,0.2080276219249029,0.12512980269989615,0.6163682864450127
0.48499999999999993,0.2084975908891809,0.12579281183932348,0.6086956521739131
0.48999999999999994,0.20944741532976827,0.12682137075013492,0.6010230179028133
0.49499999999999994,0.21109607577807848,0.12814895947426067,0.59846547314578
0.49999999999999994,0.21395775941230485,0.13038612199216565,0.5959079283887468
0.5049999999999999,0.21712099473935917,0.13352941176470587,0.5805626598465473
0.5099999999999999,0.2129538763493621,0.13175470552519733,0.5549872122762148
0.5149999999999999,0.2123456790123457,0.13157894736842105,0.5498721227621484
0.5199999999999999,0.21099554234769688,0.13083538083538085,0.5447570332480819
0.5249999999999999,0.2101593625498008,0.13048855905998763,0.5396419437340153
0.5299999999999999,0.2086258776328987,0.12975670617592014,0.5319693094629157
0.5349999999999999,0.21084642676127724,0.13147914032869784,0.5319693094629157
0.5399999999999999,0.21318228630278063,0.13346228239845262,0.5294117647058824
0.5449999999999999,0.21584984358706985,0.13555992141453832,0.5294117647058824
0.5499999999999999,0.21743697478991597,0.13681427627230666,0.5294117647058824
0.5549999999999999,0.21707060063224448,0.1366954213669542,0.5268542199488491
0.5599999999999999,0.21736814064997337,0.13728129205921938,0.5217391304347826
0.565,0.21837837837837837,0.13845099383139137,0.5166240409207161
0.57,0.22039473684210525,0.14026517794836008,0.5140664961636828
0.575,0.22209821428571427,0.14204139900071378,0.5089514066496164
0.58,0.22032935831913686,0.1416058394160584,0.4961636828644501
0.585,0.2198952879581152,0.14231927710843373,0.4833759590792839
0.59,0.2230259192284509,0.14589905362776026,0.4731457800511509
0.595,0.22698612862547288,0.1506276150627615,0.46035805626598464
0.6,0.22898742554599602,0.15446428571428572,0.4424552429667519
0.605,0.23391003460207613,0.1603415559772296,0.4322250639386189
0.61,0.23726346433770015,0.16581892166836215,0.41687979539641945
0.615,0.24334600760456274,0.17316017316017315,0.4092071611253197
0.62,0.24528301886792453,0.17707150964812712,0.3989769820971867
0.625,0.24713584288052373,0.18170878459687123,0.38618925831202044
0.63,0.24935511607910577,0.1878238341968912,0.37084398976982097
0.635,0.25512934879571814,0.1958904109589041,0.3657289002557545
0.6399999999999999,0.2593283582089552,0.20411160058737152,0.3554987212276215
0.6449999999999999,0.2589371980676328,0.2080745341614907,0.34271099744245526
0.6499999999999999,0.2602602602602603,0.2138157894736842,0.33248081841432225
0.6549999999999999,0.26078028747433263,0.21783876500857632,0.3248081841432225
0.6599999999999999,0.25396825396825395,0.21660649819494585,0.3069053708439898
0.6649999999999999,0.2521551724137931,0.21787709497206703,0.29923273657289
0.6699999999999999,0.25686059275521406,0.225,0.29923273657289
0.6749999999999999,0.26057906458797325,0.23076923076923078,0.29923273657289
0.6799999999999999,0.26047565118912797,0.23373983739837398,0.29411764705882354
0.6849999999999999,0.2554660529344074,0.23221757322175732,0.28388746803069054
0.69,0.2546728971962617,0.23440860215053763,0.27877237851662406
0.695,0.2491103202846975,0.2323008849557522,0.26854219948849106
0.7,0.24058323207776428,0.22916666666666666,0.2531969309462916
0.705,0.2376237623762376,0.2302158273381295,0.24552429667519182
0.71,0.23767383059418457,0.235,0.24040920716112532
0.715,0.23896103896103896,0.24274406332453827,0.23529411764705882
0.72,0.2337317397078353,0.2430939226519337,0.22506393861892582
0.725,0.2321187584345479,0.24571428571428572,0.21994884910485935
0.73,0.2244039270687237,0.2484472049689441,0.20460358056265984
0.735,0.22,0.24919093851132687,0.1969309462915601
0.74,0.21376281112737922,0.25,0.1867007672634271
0.7449999999999999,0.2081447963800905,0.2536764705882353,0.17647058823529413
0.7499999999999999,0.20401854714064915,0.2578125,0.16879795396419436
0.7549999999999999,0.1955128205128205,0.26180257510729615,0.15601023017902813
0.7599999999999999,0.1875,0.2626728110599078,0.14578005115089515
0.7649999999999999,0.18487394957983194,0.2696078431372549,0.14066496163682865
0.7699999999999999,0.176056338028169,0.2824858757062147,0.1278772378516624
0.7749999999999999,0.16936936936936936,0.2865853658536585,0.12020460358056266
0.7799999999999999,0.15213358070500926,0.27702702702702703,0.10485933503836317
0.7849999999999999,0.14772727272727273,0.2846715328467153,0.09974424552429667
0.7899999999999999,0.14587332053742802,0.2923076923076923,0.09718670076726342
0.7949999999999999,0.14145383104125736,0.3050847457627119,0.09207161125319693
0.7999999999999999,0.13654618473895583,0.3177570093457944,0.08695652173913043
0.8049999999999999,0.11764705882352941,0.32941176470588235,0.07161125319693094
0.8099999999999999,0.09978308026030369,0.32857142857142857,0.058823529411764705
0.815,0.09438202247191012,0.3888888888888889,0.05370843989769821
0.82,0.07925407925407925,0.4473684210526316,0.043478260869565216
0.825,0.07600950118764846,0.5333333333333333,0.04092071611253197
0.83,0.06265060240963856,0.5416666666666666,0.03324808184143223
0.835,0.05896805896805897,0.75,0.030690537084398978
0.84,0.04466501240694789,0.75,0.023017902813299233
0.845,0.034912718204488775,0.7,0.017902813299232736
0.8499999999999999,0.035,0.7777777777777778,0.017902813299232736
0.8549999999999999,0.030226700251889168,1.0,0.015345268542199489
0.8599999999999999,0.030226700251889168,1.0,0.015345268542199489
0.8649999999999999,0.025252525252525252,1.0,0.01278772378516624
0.8699999999999999,0.020253164556962026,1.0,0.010230179028132993
0.8749999999999999,0.015228426395939087,1.0,0.0076726342710997444
0.8799999999999999,0.015228426395939087,1.0,0.0076726342710997444
0.8849999999999999,0.015228426395939087,1.0,0.0076726342710997444
0.8899999999999999,0.015228426395939087,1.0,0.0076726342710997444
0.8949999999999999,0.015228426395939087,1.0,0.0076726342710997444
0.8999999999999999,0.00510204081632653,1.0,0.0025575447570332483
0.9049999999999999,0.0,0.0,0.0
0.9099999999999999,0.0,0.0,0.0
0.9149999999999999,0.0,0.0,0.0
0.9199999999999999,0.0,0.0,0.0
0.9249999999999999,0.0,0.0,0.0
0.9299999999999999,0.0,0.0,0.0
0.9349999999999999,0.0,0.0,0.0
0.94,0.0,0.0,0.0
0.945,0.0,0.0,0.0
0.95,0.0,0.0,0.0
